GPU6: explicit shared-device run; pre-existing memory=21854 MiB, utilization=0%; external processes are preserved
>> Using explicit emotion vectors
>> GPT weights restored from: /workspace/A_inspark_marlin/models/index_tts2/gpt.pth
GPT2InferenceModel has generative capabilities, as `prepare_inputs_for_generation` is explicitly defined. However, it doesn't directly inherit from `GenerationMixin`. From 👉v4.50👈 onwards, `PreTrainedModel` will NOT inherit from `GenerationMixin`, and this model will lose the ability to call `generate` and other related functions.
  - If you're using `trust_remote_code=True`, you can get rid of this warning by loading the model with an auto class. See https://huggingface.co/docs/transformers/en/model_doc/auto#auto-classes
  - If you are the owner of the model architecture code, please modify your model class such that it inherits from `GenerationMixin` (after `PreTrainedModel`, otherwise you'll get an exception).
  - If you are not the owner of the model architecture class, please contact the model code owner to update it.
>> semantic_codec weights restored from: /workspace/A_inspark_marlin/models/index_tts2/hf_cache/semantic_codec_model.safetensors
>> s2mel weights restored from: /workspace/A_inspark_marlin/models/index_tts2/s2mel.pth
>> campplus_model weights restored from: /workspace/A_inspark_marlin/models/index_tts2/hf_cache/campplus_cn_common.bin
Loading config.json from local directory
Loading weights from local directory
Removing weight norm...
>> bigvgan weights restored from: /workspace/A_inspark_marlin/models/index_tts2/hf_cache/bigvgan
2026-09-23 01:48:37,885 WETEXT INFO found existing fst: /workspace/A_inspark_marlin/.cache/text_normalizer/zh_tn_tagger.fst
2026-09-23 01:48:37,885 WETEXT INFO                     /workspace/A_inspark_marlin/.cache/text_normalizer/zh_tn_verbalizer.fst
2026-09-23 01:48:37,885 WETEXT INFO skip building fst for zh_normalizer ...
2026-09-23 01:48:38,272 WETEXT INFO found existing fst: /workspace/A_inspark_marlin/.venv/lib/python3.11/site-packages/tn/en_tn_tagger.fst
2026-09-23 01:48:38,272 WETEXT INFO                     /workspace/A_inspark_marlin/.venv/lib/python3.11/site-packages/tn/en_tn_verbalizer.fst
2026-09-23 01:48:38,272 WETEXT INFO skip building fst for en_normalizer ...
>> TextNormalizer loaded
>> bpe model loaded from: /workspace/A_inspark_marlin/models/index_tts2/bpe.model
PRECISION_PREP target bf16
PRECISION_PREP draft bf16
PRECISION_PREP cfm bf16
PRECISION_PREP vocoder bf16
[09/23/2026-01:48:44] [TRT] [W] Functionality provided through tensorrt.plugin module is experimental.
{"concurrency": 1, "wave": 1, "elapsed_s": 1.205487785860896, "complete_eos": 1, "cancelled": 0, "memory": {"cuda_allocated_bytes": 7475288064, "cuda_reserved_bytes": 9026142208, "cuda_peak_allocated_bytes": 9943896576, "cuda_peak_reserved_bytes": 10089398272, "rss_bytes": 3884650496}}
{"concurrency": 1, "wave": 2, "elapsed_s": 2.400329126045108, "complete_eos": 2, "cancelled": 0, "memory": {"cuda_allocated_bytes": 7475681280, "cuda_reserved_bytes": 9026142208, "cuda_peak_allocated_bytes": 9943896576, "cuda_peak_reserved_bytes": 10089398272, "rss_bytes": 3885293568}}
{"concurrency": 1, "wave": 3, "elapsed_s": 3.8823803775012493, "complete_eos": 3, "cancelled": 0, "memory": {"cuda_allocated_bytes": 7475288064, "cuda_reserved_bytes": 9026142208, "cuda_peak_allocated_bytes": 9943896576, "cuda_peak_reserved_bytes": 10089398272, "rss_bytes": 3885449216}}
{"concurrency": 1, "wave": 4, "elapsed_s": 5.136006532236934, "complete_eos": 4, "cancelled": 0, "memory": {"cuda_allocated_bytes": 7475681280, "cuda_reserved_bytes": 9026142208, "cuda_peak_allocated_bytes": 9943896576, "cuda_peak_reserved_bytes": 10089398272, "rss_bytes": 3885580288}}
{"concurrency": 1, "wave": 5, "elapsed_s": 6.448590360581875, "complete_eos": 5, "cancelled": 0, "memory": {"cuda_allocated_bytes": 7475288064, "cuda_reserved_bytes": 9026142208, "cuda_peak_allocated_bytes": 9943896576, "cuda_peak_reserved_bytes": 10089398272, "rss_bytes": 3885694976}}
{"concurrency": 1, "wave": 6, "elapsed_s": 7.882698316127062, "complete_eos": 6, "cancelled": 0, "memory": {"cuda_allocated_bytes": 7475681280, "cuda_reserved_bytes": 9026142208, "cuda_peak_allocated_bytes": 9943896576, "cuda_peak_reserved_bytes": 10089398272, "rss_bytes": 3885703168}}
{"concurrency": 1, "wave": 7, "elapsed_s": 9.06500450335443, "complete_eos": 7, "cancelled": 0, "memory": {"cuda_allocated_bytes": 7475288064, "cuda_reserved_bytes": 9026142208, "cuda_peak_allocated_bytes": 9943896576, "cuda_peak_reserved_bytes": 10089398272, "rss_bytes": 3885703168}}
{"concurrency": 1, "wave": 8, "elapsed_s": 10.554334545508027, "complete_eos": 8, "cancelled": 0, "memory": {"cuda_allocated_bytes": 7475681280, "cuda_reserved_bytes": 9026142208, "cuda_peak_allocated_bytes": 9943896576, "cuda_peak_reserved_bytes": 10089398272, "rss_bytes": 3885953024}}
{"concurrency": 1, "wave": 9, "elapsed_s": 11.92430373467505, "complete_eos": 9, "cancelled": 0, "memory": {"cuda_allocated_bytes": 7475288064, "cuda_reserved_bytes": 9026142208, "cuda_peak_allocated_bytes": 9943896576, "cuda_peak_reserved_bytes": 10089398272, "rss_bytes": 3885953024}}
{"concurrency": 1, "wave": 10, "elapsed_s": 13.512889323756099, "complete_eos": 10, "cancelled": 0, "memory": {"cuda_allocated_bytes": 7475681280, "cuda_reserved_bytes": 9026142208, "cuda_peak_allocated_bytes": 9943896576, "cuda_peak_reserved_bytes": 10089398272, "rss_bytes": 3886002176}}
{"concurrency": 1, "wave": 11, "elapsed_s": 13.532116489484906, "complete_eos": 10, "cancelled": 1, "memory": {"cuda_allocated_bytes": 7475288064, "cuda_reserved_bytes": 9026142208, "cuda_peak_allocated_bytes": 9943896576, "cuda_peak_reserved_bytes": 10089398272, "rss_bytes": 3886014464}}
{"concurrency": 1, "wave": 12, "elapsed_s": 14.769012071192265, "complete_eos": 11, "cancelled": 1, "memory": {"cuda_allocated_bytes": 7475681280, "cuda_reserved_bytes": 9026142208, "cuda_peak_allocated_bytes": 9943896576, "cuda_peak_reserved_bytes": 10089398272, "rss_bytes": 3886014464}}
{"concurrency": 1, "wave": 13, "elapsed_s": 15.72691723704338, "complete_eos": 12, "cancelled": 1, "memory": {"cuda_allocated_bytes": 7475288064, "cuda_reserved_bytes": 9026142208, "cuda_peak_allocated_bytes": 9943896576, "cuda_peak_reserved_bytes": 10089398272, "rss_bytes": 3886022656}}
{"concurrency": 1, "wave": 14, "elapsed_s": 16.575704215094447, "complete_eos": 13, "cancelled": 1, "memory": {"cuda_allocated_bytes": 7475681280, "cuda_reserved_bytes": 9026142208, "cuda_peak_allocated_bytes": 9943896576, "cuda_peak_reserved_bytes": 10089398272, "rss_bytes": 3886022656}}
{"concurrency": 1, "wave": 15, "elapsed_s": 17.799619924277067, "complete_eos": 14, "cancelled": 1, "memory": {"cuda_allocated_bytes": 7475288064, "cuda_reserved_bytes": 9026142208, "cuda_peak_allocated_bytes": 9943896576, "cuda_peak_reserved_bytes": 10089398272, "rss_bytes": 3886034944}}
{"concurrency": 1, "wave": 16, "elapsed_s": 19.442336270585656, "complete_eos": 15, "cancelled": 1, "memory": {"cuda_allocated_bytes": 7475681280, "cuda_reserved_bytes": 9026142208, "cuda_peak_allocated_bytes": 9943896576, "cuda_peak_reserved_bytes": 10089398272, "rss_bytes": 3886133248}}
{"concurrency": 1, "wave": 17, "elapsed_s": 21.195643609389663, "complete_eos": 16, "cancelled": 1, "memory": {"cuda_allocated_bytes": 7475288064, "cuda_reserved_bytes": 9026142208, "cuda_peak_allocated_bytes": 9943896576, "cuda_peak_reserved_bytes": 10089398272, "rss_bytes": 3886137344}}
{"concurrency": 1, "wave": 18, "elapsed_s": 22.44247280806303, "complete_eos": 17, "cancelled": 1, "memory": {"cuda_allocated_bytes": 7475681280, "cuda_reserved_bytes": 9026142208, "cuda_peak_allocated_bytes": 9943896576, "cuda_peak_reserved_bytes": 10089398272, "rss_bytes": 3886137344}}
{"concurrency": 1, "wave": 19, "elapsed_s": 24.120917107909918, "complete_eos": 18, "cancelled": 1, "memory": {"cuda_allocated_bytes": 7475288064, "cuda_reserved_bytes": 9026142208, "cuda_peak_allocated_bytes": 9943896576, "cuda_peak_reserved_bytes": 10089398272, "rss_bytes": 3886137344}}
{"concurrency": 1, "wave": 20, "elapsed_s": 25.50148318707943, "complete_eos": 19, "cancelled": 1, "memory": {"cuda_allocated_bytes": 7475681280, "cuda_reserved_bytes": 9026142208, "cuda_peak_allocated_bytes": 9943896576, "cuda_peak_reserved_bytes": 10089398272, "rss_bytes": 3886141440}}
{"concurrency": 1, "wave": 21, "elapsed_s": 26.6799472887069, "complete_eos": 20, "cancelled": 1, "memory": {"cuda_allocated_bytes": 7475288064, "cuda_reserved_bytes": 9026142208, "cuda_peak_allocated_bytes": 9943896576, "cuda_peak_reserved_bytes": 10089398272, "rss_bytes": 3887063040}}
{"concurrency": 1, "wave": 22, "elapsed_s": 26.69727292843163, "complete_eos": 20, "cancelled": 2, "memory": {"cuda_allocated_bytes": 7475681280, "cuda_reserved_bytes": 9026142208, "cuda_peak_allocated_bytes": 9943896576, "cuda_peak_reserved_bytes": 10089398272, "rss_bytes": 3887063040}}
{"concurrency": 1, "wave": 23, "elapsed_s": 28.342725798487663, "complete_eos": 21, "cancelled": 2, "memory": {"cuda_allocated_bytes": 7475288064, "cuda_reserved_bytes": 9026142208, "cuda_peak_allocated_bytes": 9943896576, "cuda_peak_reserved_bytes": 10089398272, "rss_bytes": 3887063040}}
{"concurrency": 1, "wave": 24, "elapsed_s": 29.257126754149795, "complete_eos": 22, "cancelled": 2, "memory": {"cuda_allocated_bytes": 7475681280, "cuda_reserved_bytes": 9026142208, "cuda_peak_allocated_bytes": 9943896576, "cuda_peak_reserved_bytes": 10089398272, "rss_bytes": 3887063040}}
{"concurrency": 1, "wave": 25, "elapsed_s": 31.2296362221241, "complete_eos": 23, "cancelled": 2, "memory": {"cuda_allocated_bytes": 7475288064, "cuda_reserved_bytes": 9026142208, "cuda_peak_allocated_bytes": 9943896576, "cuda_peak_reserved_bytes": 10089398272, "rss_bytes": 3887173632}}
{"concurrency": 1, "wave": 26, "elapsed_s": 33.29258728027344, "complete_eos": 24, "cancelled": 2, "memory": {"cuda_allocated_bytes": 7475681280, "cuda_reserved_bytes": 9026142208, "cuda_peak_allocated_bytes": 9943896576, "cuda_peak_reserved_bytes": 10089398272, "rss_bytes": 3887173632}}
{"concurrency": 1, "wave": 27, "elapsed_s": 34.85794407129288, "complete_eos": 25, "cancelled": 2, "memory": {"cuda_allocated_bytes": 7475288064, "cuda_reserved_bytes": 9026142208, "cuda_peak_allocated_bytes": 9943896576, "cuda_peak_reserved_bytes": 10089398272, "rss_bytes": 3887194112}}
{"concurrency": 1, "wave": 28, "elapsed_s": 36.03706930205226, "complete_eos": 26, "cancelled": 2, "memory": {"cuda_allocated_bytes": 7475681280, "cuda_reserved_bytes": 9026142208, "cuda_peak_allocated_bytes": 9943896576, "cuda_peak_reserved_bytes": 10089398272, "rss_bytes": 3887202304}}
{"concurrency": 1, "wave": 29, "elapsed_s": 36.81019979156554, "complete_eos": 27, "cancelled": 2, "memory": {"cuda_allocated_bytes": 7475288064, "cuda_reserved_bytes": 9026142208, "cuda_peak_allocated_bytes": 9943896576, "cuda_peak_reserved_bytes": 10089398272, "rss_bytes": 3887202304}}
{"concurrency": 1, "wave": 30, "elapsed_s": 38.02861464396119, "complete_eos": 28, "cancelled": 2, "memory": {"cuda_allocated_bytes": 7475681280, "cuda_reserved_bytes": 9026142208, "cuda_peak_allocated_bytes": 9943896576, "cuda_peak_reserved_bytes": 10089398272, "rss_bytes": 3887206400}}
{"concurrency": 1, "wave": 31, "elapsed_s": 39.21786651201546, "complete_eos": 29, "cancelled": 2, "memory": {"cuda_allocated_bytes": 7475288064, "cuda_reserved_bytes": 9026142208, "cuda_peak_allocated_bytes": 9943896576, "cuda_peak_reserved_bytes": 10089398272, "rss_bytes": 3887206400}}
{"concurrency": 1, "wave": 32, "elapsed_s": 40.52868842333555, "complete_eos": 30, "cancelled": 2, "memory": {"cuda_allocated_bytes": 7475681280, "cuda_reserved_bytes": 9026142208, "cuda_peak_allocated_bytes": 9943896576, "cuda_peak_reserved_bytes": 10089398272, "rss_bytes": 3887206400}}
{"concurrency": 1, "wave": 33, "elapsed_s": 40.553975474089384, "complete_eos": 30, "cancelled": 3, "memory": {"cuda_allocated_bytes": 7475288064, "cuda_reserved_bytes": 9026142208, "cuda_peak_allocated_bytes": 9943896576, "cuda_peak_reserved_bytes": 10089398272, "rss_bytes": 3887206400}}
{"concurrency": 1, "wave": 34, "elapsed_s": 41.48790054768324, "complete_eos": 31, "cancelled": 3, "memory": {"cuda_allocated_bytes": 7475681280, "cuda_reserved_bytes": 9026142208, "cuda_peak_allocated_bytes": 9943896576, "cuda_peak_reserved_bytes": 10089398272, "rss_bytes": 3887206400}}
{"concurrency": 1, "wave": 35, "elapsed_s": 42.869308672845364, "complete_eos": 32, "cancelled": 3, "memory": {"cuda_allocated_bytes": 7475288064, "cuda_reserved_bytes": 9026142208, "cuda_peak_allocated_bytes": 9943896576, "cuda_peak_reserved_bytes": 10089398272, "rss_bytes": 3887206400}}
{"concurrency": 1, "wave": 36, "elapsed_s": 44.355234829708934, "complete_eos": 33, "cancelled": 3, "memory": {"cuda_allocated_bytes": 7475681280, "cuda_reserved_bytes": 9026142208, "cuda_peak_allocated_bytes": 9943896576, "cuda_peak_reserved_bytes": 10089398272, "rss_bytes": 3887206400}}
{"concurrency": 1, "wave": 37, "elapsed_s": 45.40415179170668, "complete_eos": 34, "cancelled": 3, "memory": {"cuda_allocated_bytes": 7475288064, "cuda_reserved_bytes": 9026142208, "cuda_peak_allocated_bytes": 9943896576, "cuda_peak_reserved_bytes": 10089398272, "rss_bytes": 3887206400}}
{"concurrency": 1, "wave": 38, "elapsed_s": 46.351039381697774, "complete_eos": 35, "cancelled": 3, "memory": {"cuda_allocated_bytes": 7475681280, "cuda_reserved_bytes": 9026142208, "cuda_peak_allocated_bytes": 9943896576, "cuda_peak_reserved_bytes": 10089398272, "rss_bytes": 3887206400}}
{"concurrency": 1, "wave": 39, "elapsed_s": 47.92825391702354, "complete_eos": 36, "cancelled": 3, "memory": {"cuda_allocated_bytes": 7475288064, "cuda_reserved_bytes": 9026142208, "cuda_peak_allocated_bytes": 9943896576, "cuda_peak_reserved_bytes": 10089398272, "rss_bytes": 3887206400}}
{"concurrency": 1, "wave": 40, "elapsed_s": 48.88826775550842, "complete_eos": 37, "cancelled": 3, "memory": {"cuda_allocated_bytes": 7475681280, "cuda_reserved_bytes": 9026142208, "cuda_peak_allocated_bytes": 9943896576, "cuda_peak_reserved_bytes": 10089398272, "rss_bytes": 3887206400}}
{"concurrency": 1, "wave": 41, "elapsed_s": 50.39866013452411, "complete_eos": 38, "cancelled": 3, "memory": {"cuda_allocated_bytes": 7475288064, "cuda_reserved_bytes": 9026142208, "cuda_peak_allocated_bytes": 9943896576, "cuda_peak_reserved_bytes": 10089398272, "rss_bytes": 3887206400}}
{"concurrency": 1, "wave": 42, "elapsed_s": 51.270338617265224, "complete_eos": 39, "cancelled": 3, "memory": {"cuda_allocated_bytes": 7475681280, "cuda_reserved_bytes": 9026142208, "cuda_peak_allocated_bytes": 9943896576, "cuda_peak_reserved_bytes": 10089398272, "rss_bytes": 3887206400}}
{"concurrency": 1, "wave": 43, "elapsed_s": 52.47726744785905, "complete_eos": 40, "cancelled": 3, "memory": {"cuda_allocated_bytes": 7475288064, "cuda_reserved_bytes": 9026142208, "cuda_peak_allocated_bytes": 9943896576, "cuda_peak_reserved_bytes": 10089398272, "rss_bytes": 3887206400}}
{"concurrency": 1, "wave": 44, "elapsed_s": 52.5061473865062, "complete_eos": 40, "cancelled": 4, "memory": {"cuda_allocated_bytes": 7475681280, "cuda_reserved_bytes": 9026142208, "cuda_peak_allocated_bytes": 9943896576, "cuda_peak_reserved_bytes": 10089398272, "rss_bytes": 3887206400}}
{"concurrency": 1, "wave": 45, "elapsed_s": 53.677080469205976, "complete_eos": 41, "cancelled": 4, "memory": {"cuda_allocated_bytes": 7475288064, "cuda_reserved_bytes": 9026142208, "cuda_peak_allocated_bytes": 9943896576, "cuda_peak_reserved_bytes": 10089398272, "rss_bytes": 3887206400}}
{"concurrency": 1, "wave": 46, "elapsed_s": 55.03239041753113, "complete_eos": 42, "cancelled": 4, "memory": {"cuda_allocated_bytes": 7475681280, "cuda_reserved_bytes": 9026142208, "cuda_peak_allocated_bytes": 9943896576, "cuda_peak_reserved_bytes": 10089398272, "rss_bytes": 3887206400}}
{"concurrency": 1, "wave": 47, "elapsed_s": 56.58192431181669, "complete_eos": 43, "cancelled": 4, "memory": {"cuda_allocated_bytes": 7475288064, "cuda_reserved_bytes": 9026142208, "cuda_peak_allocated_bytes": 9943896576, "cuda_peak_reserved_bytes": 10089398272, "rss_bytes": 3887206400}}
{"concurrency": 1, "wave": 48, "elapsed_s": 57.748572528362274, "complete_eos": 44, "cancelled": 4, "memory": {"cuda_allocated_bytes": 7475681280, "cuda_reserved_bytes": 9026142208, "cuda_peak_allocated_bytes": 9943896576, "cuda_peak_reserved_bytes": 10089398272, "rss_bytes": 3887210496}}
{"concurrency": 1, "wave": 49, "elapsed_s": 58.810778234153986, "complete_eos": 45, "cancelled": 4, "memory": {"cuda_allocated_bytes": 7475288064, "cuda_reserved_bytes": 9026142208, "cuda_peak_allocated_bytes": 9943896576, "cuda_peak_reserved_bytes": 10089398272, "rss_bytes": 3887210496}}
{"concurrency": 1, "wave": 50, "elapsed_s": 60.1888178512454, "complete_eos": 46, "cancelled": 4, "memory": {"cuda_allocated_bytes": 7475681280, "cuda_reserved_bytes": 9026142208, "cuda_peak_allocated_bytes": 9943896576, "cuda_peak_reserved_bytes": 10089398272, "rss_bytes": 3887210496}}
{"concurrency": 1, "wave": 51, "elapsed_s": 61.13156861625612, "complete_eos": 47, "cancelled": 4, "memory": {"cuda_allocated_bytes": 7475288064, "cuda_reserved_bytes": 9026142208, "cuda_peak_allocated_bytes": 9943896576, "cuda_peak_reserved_bytes": 10089398272, "rss_bytes": 3887210496}}
{"concurrency": 1, "wave": 52, "elapsed_s": 61.960305793210864, "complete_eos": 48, "cancelled": 4, "memory": {"cuda_allocated_bytes": 7475681280, "cuda_reserved_bytes": 9026142208, "cuda_peak_allocated_bytes": 9943896576, "cuda_peak_reserved_bytes": 10089398272, "rss_bytes": 3887214592}}
{"concurrency": 1, "wave": 53, "elapsed_s": 62.67931128293276, "complete_eos": 49, "cancelled": 4, "memory": {"cuda_allocated_bytes": 7475288064, "cuda_reserved_bytes": 9026142208, "cuda_peak_allocated_bytes": 9943896576, "cuda_peak_reserved_bytes": 10089398272, "rss_bytes": 3887218688}}
{"concurrency": 1, "wave": 54, "elapsed_s": 64.07998632453382, "complete_eos": 50, "cancelled": 4, "memory": {"cuda_allocated_bytes": 7475681280, "cuda_reserved_bytes": 9026142208, "cuda_peak_allocated_bytes": 9943896576, "cuda_peak_reserved_bytes": 10089398272, "rss_bytes": 3889475584}}
{"concurrency": 1, "wave": 55, "elapsed_s": 64.10976750962436, "complete_eos": 50, "cancelled": 5, "memory": {"cuda_allocated_bytes": 7475288064, "cuda_reserved_bytes": 9026142208, "cuda_peak_allocated_bytes": 9943896576, "cuda_peak_reserved_bytes": 10089398272, "rss_bytes": 3889483776}}
{"concurrency": 1, "wave": 56, "elapsed_s": 65.3480849545449, "complete_eos": 51, "cancelled": 5, "memory": {"cuda_allocated_bytes": 7475681280, "cuda_reserved_bytes": 9026142208, "cuda_peak_allocated_bytes": 9943896576, "cuda_peak_reserved_bytes": 10089398272, "rss_bytes": 3895390208}}
{"concurrency": 1, "wave": 57, "elapsed_s": 66.97494236007333, "complete_eos": 52, "cancelled": 5, "memory": {"cuda_allocated_bytes": 7475288064, "cuda_reserved_bytes": 9026142208, "cuda_peak_allocated_bytes": 9943896576, "cuda_peak_reserved_bytes": 10089398272, "rss_bytes": 3901456384}}
{"concurrency": 1, "wave": 58, "elapsed_s": 67.79925403557718, "complete_eos": 53, "cancelled": 5, "memory": {"cuda_allocated_bytes": 7475681280, "cuda_reserved_bytes": 9026142208, "cuda_peak_allocated_bytes": 9943896576, "cuda_peak_reserved_bytes": 10089398272, "rss_bytes": 3903602688}}
{"concurrency": 1, "wave": 59, "elapsed_s": 68.53878184966743, "complete_eos": 54, "cancelled": 5, "memory": {"cuda_allocated_bytes": 7475288064, "cuda_reserved_bytes": 9026142208, "cuda_peak_allocated_bytes": 9943896576, "cuda_peak_reserved_bytes": 10089398272, "rss_bytes": 3904176128}}
{"concurrency": 1, "wave": 60, "elapsed_s": 69.36011720076203, "complete_eos": 55, "cancelled": 5, "memory": {"cuda_allocated_bytes": 7475681280, "cuda_reserved_bytes": 9026142208, "cuda_peak_allocated_bytes": 9943896576, "cuda_peak_reserved_bytes": 10089398272, "rss_bytes": 3905654784}}
{"concurrency": 1, "wave": 61, "elapsed_s": 70.43469243310392, "complete_eos": 56, "cancelled": 5, "memory": {"cuda_allocated_bytes": 7475288064, "cuda_reserved_bytes": 9026142208, "cuda_peak_allocated_bytes": 9943896576, "cuda_peak_reserved_bytes": 10089398272, "rss_bytes": 3907567616}}
{"concurrency": 1, "wave": 62, "elapsed_s": 71.39278081059456, "complete_eos": 57, "cancelled": 5, "memory": {"cuda_allocated_bytes": 7475681280, "cuda_reserved_bytes": 9026142208, "cuda_peak_allocated_bytes": 9943896576, "cuda_peak_reserved_bytes": 10089398272, "rss_bytes": 3909328896}}
{"concurrency": 1, "wave": 63, "elapsed_s": 72.2102370057255, "complete_eos": 58, "cancelled": 5, "memory": {"cuda_allocated_bytes": 7475288064, "cuda_reserved_bytes": 9026142208, "cuda_peak_allocated_bytes": 9943896576, "cuda_peak_reserved_bytes": 10089398272, "rss_bytes": 3911319552}}
{"concurrency": 1, "wave": 64, "elapsed_s": 73.56021181121469, "complete_eos": 59, "cancelled": 5, "memory": {"cuda_allocated_bytes": 7475681280, "cuda_reserved_bytes": 9026142208, "cuda_peak_allocated_bytes": 9943896576, "cuda_peak_reserved_bytes": 10089398272, "rss_bytes": 3914301440}}
{"concurrency": 1, "wave": 65, "elapsed_s": 74.63148611411452, "complete_eos": 60, "cancelled": 5, "memory": {"cuda_allocated_bytes": 7475288064, "cuda_reserved_bytes": 9026142208, "cuda_peak_allocated_bytes": 9943896576, "cuda_peak_reserved_bytes": 10089398272, "rss_bytes": 3916361728}}
{"concurrency": 1, "wave": 66, "elapsed_s": 74.66609301418066, "complete_eos": 60, "cancelled": 6, "memory": {"cuda_allocated_bytes": 7475681280, "cuda_reserved_bytes": 9026142208, "cuda_peak_allocated_bytes": 9943896576, "cuda_peak_reserved_bytes": 10089398272, "rss_bytes": 3916361728}}
{"concurrency": 1, "wave": 67, "elapsed_s": 75.46231397613883, "complete_eos": 61, "cancelled": 6, "memory": {"cuda_allocated_bytes": 7475288064, "cuda_reserved_bytes": 9026142208, "cuda_peak_allocated_bytes": 9943896576, "cuda_peak_reserved_bytes": 10089398272, "rss_bytes": 3917377536}}
{"concurrency": 1, "wave": 68, "elapsed_s": 76.22873530350626, "complete_eos": 62, "cancelled": 6, "memory": {"cuda_allocated_bytes": 7475681280, "cuda_reserved_bytes": 9026142208, "cuda_peak_allocated_bytes": 9943896576, "cuda_peak_reserved_bytes": 10089398272, "rss_bytes": 3917778944}}
{"concurrency": 1, "wave": 69, "elapsed_s": 77.73965702205896, "complete_eos": 63, "cancelled": 6, "memory": {"cuda_allocated_bytes": 7475288064, "cuda_reserved_bytes": 9026142208, "cuda_peak_allocated_bytes": 9943896576, "cuda_peak_reserved_bytes": 10089398272, "rss_bytes": 3919699968}}
{"concurrency": 1, "wave": 70, "elapsed_s": 79.0668262578547, "complete_eos": 64, "cancelled": 6, "memory": {"cuda_allocated_bytes": 7475681280, "cuda_reserved_bytes": 9026142208, "cuda_peak_allocated_bytes": 9943896576, "cuda_peak_reserved_bytes": 10089398272, "rss_bytes": 3922173952}}
{"concurrency": 1, "wave": 71, "elapsed_s": 79.97747214511037, "complete_eos": 65, "cancelled": 6, "memory": {"cuda_allocated_bytes": 7475288064, "cuda_reserved_bytes": 9026142208, "cuda_peak_allocated_bytes": 9943896576, "cuda_peak_reserved_bytes": 10089398272, "rss_bytes": 3922202624}}
{"concurrency": 1, "wave": 72, "elapsed_s": 81.08742476813495, "complete_eos": 66, "cancelled": 6, "memory": {"cuda_allocated_bytes": 7475681280, "cuda_reserved_bytes": 9026142208, "cuda_peak_allocated_bytes": 9943896576, "cuda_peak_reserved_bytes": 10089398272, "rss_bytes": 3924021248}}
{"concurrency": 1, "wave": 73, "elapsed_s": 82.30999916791916, "complete_eos": 67, "cancelled": 6, "memory": {"cuda_allocated_bytes": 7475288064, "cuda_reserved_bytes": 9026142208, "cuda_peak_allocated_bytes": 9943896576, "cuda_peak_reserved_bytes": 10089398272, "rss_bytes": 3928043520}}
{"concurrency": 1, "wave": 74, "elapsed_s": 83.49026178568602, "complete_eos": 68, "cancelled": 6, "memory": {"cuda_allocated_bytes": 7475681280, "cuda_reserved_bytes": 9026142208, "cuda_peak_allocated_bytes": 9943896576, "cuda_peak_reserved_bytes": 10089398272, "rss_bytes": 3930624000}}
{"concurrency": 1, "wave": 75, "elapsed_s": 84.11373902484775, "complete_eos": 69, "cancelled": 6, "memory": {"cuda_allocated_bytes": 7475288064, "cuda_reserved_bytes": 9026142208, "cuda_peak_allocated_bytes": 9943896576, "cuda_peak_reserved_bytes": 10089398272, "rss_bytes": 3931938816}}
{"concurrency": 1, "wave": 76, "elapsed_s": 85.17988042719662, "complete_eos": 70, "cancelled": 6, "memory": {"cuda_allocated_bytes": 7475681280, "cuda_reserved_bytes": 9026142208, "cuda_peak_allocated_bytes": 9943896576, "cuda_peak_reserved_bytes": 10089398272, "rss_bytes": 3934003200}}
{"concurrency": 1, "wave": 77, "elapsed_s": 85.21641307882965, "complete_eos": 70, "cancelled": 7, "memory": {"cuda_allocated_bytes": 7475288064, "cuda_reserved_bytes": 9026142208, "cuda_peak_allocated_bytes": 9943896576, "cuda_peak_reserved_bytes": 10089398272, "rss_bytes": 3934007296}}
{"concurrency": 1, "wave": 78, "elapsed_s": 86.17863548919559, "complete_eos": 71, "cancelled": 7, "memory": {"cuda_allocated_bytes": 7475681280, "cuda_reserved_bytes": 9026142208, "cuda_peak_allocated_bytes": 9943896576, "cuda_peak_reserved_bytes": 10089398272, "rss_bytes": 3935784960}}
{"concurrency": 1, "wave": 79, "elapsed_s": 86.93771622888744, "complete_eos": 72, "cancelled": 7, "memory": {"cuda_allocated_bytes": 7475288064, "cuda_reserved_bytes": 9026142208, "cuda_peak_allocated_bytes": 9943896576, "cuda_peak_reserved_bytes": 10089398272, "rss_bytes": 3938045952}}
{"concurrency": 1, "wave": 80, "elapsed_s": 88.2700021956116, "complete_eos": 73, "cancelled": 7, "memory": {"cuda_allocated_bytes": 7475681280, "cuda_reserved_bytes": 9026142208, "cuda_peak_allocated_bytes": 9943896576, "cuda_peak_reserved_bytes": 10089398272, "rss_bytes": 3942309888}}
{"concurrency": 1, "wave": 81, "elapsed_s": 89.75556232407689, "complete_eos": 74, "cancelled": 7, "memory": {"cuda_allocated_bytes": 7475288064, "cuda_reserved_bytes": 9026142208, "cuda_peak_allocated_bytes": 9943896576, "cuda_peak_reserved_bytes": 10089398272, "rss_bytes": 3946676224}}
{"concurrency": 1, "wave": 82, "elapsed_s": 90.5330828409642, "complete_eos": 75, "cancelled": 7, "memory": {"cuda_allocated_bytes": 7475681280, "cuda_reserved_bytes": 9026142208, "cuda_peak_allocated_bytes": 9943896576, "cuda_peak_reserved_bytes": 10089398272, "rss_bytes": 3948396544}}
{"concurrency": 1, "wave": 83, "elapsed_s": 91.72399411164224, "complete_eos": 76, "cancelled": 7, "memory": {"cuda_allocated_bytes": 7475288064, "cuda_reserved_bytes": 9026142208, "cuda_peak_allocated_bytes": 9943896576, "cuda_peak_reserved_bytes": 10089398272, "rss_bytes": 3952386048}}
{"concurrency": 1, "wave": 84, "elapsed_s": 93.42665884643793, "complete_eos": 77, "cancelled": 7, "memory": {"cuda_allocated_bytes": 7475681280, "cuda_reserved_bytes": 9026142208, "cuda_peak_allocated_bytes": 9943896576, "cuda_peak_reserved_bytes": 10089398272, "rss_bytes": 3954888704}}
{"concurrency": 1, "wave": 85, "elapsed_s": 94.48405920155346, "complete_eos": 78, "cancelled": 7, "memory": {"cuda_allocated_bytes": 7475288064, "cuda_reserved_bytes": 9026142208, "cuda_peak_allocated_bytes": 9943896576, "cuda_peak_reserved_bytes": 10089398272, "rss_bytes": 3954888704}}
{"concurrency": 1, "wave": 86, "elapsed_s": 95.61539423465729, "complete_eos": 79, "cancelled": 7, "memory": {"cuda_allocated_bytes": 7475681280, "cuda_reserved_bytes": 9026142208, "cuda_peak_allocated_bytes": 9943896576, "cuda_peak_reserved_bytes": 10089398272, "rss_bytes": 3954888704}}
{"concurrency": 1, "wave": 87, "elapsed_s": 96.98827414400876, "complete_eos": 80, "cancelled": 7, "memory": {"cuda_allocated_bytes": 7475288064, "cuda_reserved_bytes": 9026142208, "cuda_peak_allocated_bytes": 9943896576, "cuda_peak_reserved_bytes": 10089398272, "rss_bytes": 3956457472}}
{"concurrency": 1, "wave": 88, "elapsed_s": 97.02068723924458, "complete_eos": 80, "cancelled": 8, "memory": {"cuda_allocated_bytes": 7475681280, "cuda_reserved_bytes": 9026142208, "cuda_peak_allocated_bytes": 9943896576, "cuda_peak_reserved_bytes": 10089398272, "rss_bytes": 3956457472}}
{"concurrency": 1, "wave": 89, "elapsed_s": 97.78290798515081, "complete_eos": 81, "cancelled": 8, "memory": {"cuda_allocated_bytes": 7475288064, "cuda_reserved_bytes": 9026142208, "cuda_peak_allocated_bytes": 9943896576, "cuda_peak_reserved_bytes": 10089398272, "rss_bytes": 3957895168}}
{"concurrency": 1, "wave": 90, "elapsed_s": 99.21226569265127, "complete_eos": 82, "cancelled": 8, "memory": {"cuda_allocated_bytes": 7475681280, "cuda_reserved_bytes": 9026142208, "cuda_peak_allocated_bytes": 9943896576, "cuda_peak_reserved_bytes": 10089398272, "rss_bytes": 3960242176}}
{"concurrency": 1, "wave": 91, "elapsed_s": 100.5230273026973, "complete_eos": 83, "cancelled": 8, "memory": {"cuda_allocated_bytes": 7475288064, "cuda_reserved_bytes": 9026142208, "cuda_peak_allocated_bytes": 9943896576, "cuda_peak_reserved_bytes": 10089398272, "rss_bytes": 3960360960}}
{"concurrency": 1, "wave": 92, "elapsed_s": 101.76461677066982, "complete_eos": 84, "cancelled": 8, "memory": {"cuda_allocated_bytes": 7475681280, "cuda_reserved_bytes": 9026142208, "cuda_peak_allocated_bytes": 9943896576, "cuda_peak_reserved_bytes": 10089398272, "rss_bytes": 3962249216}}
{"concurrency": 1, "wave": 93, "elapsed_s": 102.96677008084953, "complete_eos": 85, "cancelled": 8, "memory": {"cuda_allocated_bytes": 7475288064, "cuda_reserved_bytes": 9026142208, "cuda_peak_allocated_bytes": 9943896576, "cuda_peak_reserved_bytes": 10089398272, "rss_bytes": 3964817408}}
{"concurrency": 1, "wave": 94, "elapsed_s": 103.88189022615552, "complete_eos": 86, "cancelled": 8, "memory": {"cuda_allocated_bytes": 7475681280, "cuda_reserved_bytes": 9026142208, "cuda_peak_allocated_bytes": 9943896576, "cuda_peak_reserved_bytes": 10089398272, "rss_bytes": 3966496768}}
{"concurrency": 1, "wave": 95, "elapsed_s": 105.47021612897515, "complete_eos": 87, "cancelled": 8, "memory": {"cuda_allocated_bytes": 7475288064, "cuda_reserved_bytes": 9026142208, "cuda_peak_allocated_bytes": 9943896576, "cuda_peak_reserved_bytes": 10089398272, "rss_bytes": 3970625536}}
{"concurrency": 1, "wave": 96, "elapsed_s": 106.2449174169451, "complete_eos": 88, "cancelled": 8, "memory": {"cuda_allocated_bytes": 7475681280, "cuda_reserved_bytes": 9026142208, "cuda_peak_allocated_bytes": 9943896576, "cuda_peak_reserved_bytes": 10089398272, "rss_bytes": 3974225920}}
{"concurrency": 1, "wave": 97, "elapsed_s": 107.36521407216787, "complete_eos": 89, "cancelled": 8, "memory": {"cuda_allocated_bytes": 7475288064, "cuda_reserved_bytes": 9026142208, "cuda_peak_allocated_bytes": 9943896576, "cuda_peak_reserved_bytes": 10089398272, "rss_bytes": 3974651904}}
{"concurrency": 1, "wave": 98, "elapsed_s": 108.18976237624884, "complete_eos": 90, "cancelled": 8, "memory": {"cuda_allocated_bytes": 7475681280, "cuda_reserved_bytes": 9026142208, "cuda_peak_allocated_bytes": 9943896576, "cuda_peak_reserved_bytes": 10089398272, "rss_bytes": 3974848512}}
{"concurrency": 1, "wave": 99, "elapsed_s": 108.23328872025013, "complete_eos": 90, "cancelled": 9, "memory": {"cuda_allocated_bytes": 7475288064, "cuda_reserved_bytes": 9026142208, "cuda_peak_allocated_bytes": 9943896576, "cuda_peak_reserved_bytes": 10089398272, "rss_bytes": 3974848512}}
{"concurrency": 1, "wave": 100, "elapsed_s": 109.71158803254366, "complete_eos": 91, "cancelled": 9, "memory": {"cuda_allocated_bytes": 7475681280, "cuda_reserved_bytes": 9026142208, "cuda_peak_allocated_bytes": 9943896576, "cuda_peak_reserved_bytes": 10089398272, "rss_bytes": 3979046912}}
{"concurrency": 1, "wave": 101, "elapsed_s": 110.45564481057227, "complete_eos": 92, "cancelled": 9, "memory": {"cuda_allocated_bytes": 7475288064, "cuda_reserved_bytes": 9026142208, "cuda_peak_allocated_bytes": 9943896576, "cuda_peak_reserved_bytes": 10089398272, "rss_bytes": 3979046912}}
{"concurrency": 1, "wave": 102, "elapsed_s": 111.7529061306268, "complete_eos": 93, "cancelled": 9, "memory": {"cuda_allocated_bytes": 7475681280, "cuda_reserved_bytes": 9026142208, "cuda_peak_allocated_bytes": 9943896576, "cuda_peak_reserved_bytes": 10089398272, "rss_bytes": 3980828672}}
{"concurrency": 1, "wave": 103, "elapsed_s": 112.51868181861937, "complete_eos": 94, "cancelled": 9, "memory": {"cuda_allocated_bytes": 7475288064, "cuda_reserved_bytes": 9026142208, "cuda_peak_allocated_bytes": 9943896576, "cuda_peak_reserved_bytes": 10089398272, "rss_bytes": 3981340672}}
{"concurrency": 1, "wave": 104, "elapsed_s": 113.7055707462132, "complete_eos": 95, "cancelled": 9, "memory": {"cuda_allocated_bytes": 7475681280, "cuda_reserved_bytes": 9026142208, "cuda_peak_allocated_bytes": 9943896576, "cuda_peak_reserved_bytes": 10089398272, "rss_bytes": 3982700544}}
{"concurrency": 1, "wave": 105, "elapsed_s": 115.12797557003796, "complete_eos": 96, "cancelled": 9, "memory": {"cuda_allocated_bytes": 7475288064, "cuda_reserved_bytes": 9026142208, "cuda_peak_allocated_bytes": 9943896576, "cuda_peak_reserved_bytes": 10089398272, "rss_bytes": 3987152896}}
{"concurrency": 1, "wave": 106, "elapsed_s": 116.13172280415893, "complete_eos": 97, "cancelled": 9, "memory": {"cuda_allocated_bytes": 7475681280, "cuda_reserved_bytes": 9026142208, "cuda_peak_allocated_bytes": 9943896576, "cuda_peak_reserved_bytes": 10089398272, "rss_bytes": 3987152896}}
{"concurrency": 1, "wave": 107, "elapsed_s": 116.97853422164917, "complete_eos": 98, "cancelled": 9, "memory": {"cuda_allocated_bytes": 7475288064, "cuda_reserved_bytes": 9026142208, "cuda_peak_allocated_bytes": 9943896576, "cuda_peak_reserved_bytes": 10089398272, "rss_bytes": 3988488192}}
{"concurrency": 1, "wave": 108, "elapsed_s": 117.77663475833833, "complete_eos": 99, "cancelled": 9, "memory": {"cuda_allocated_bytes": 7475681280, "cuda_reserved_bytes": 9026142208, "cuda_peak_allocated_bytes": 9943896576, "cuda_peak_reserved_bytes": 10089398272, "rss_bytes": 3988656128}}
{"concurrency": 1, "wave": 109, "elapsed_s": 118.84536390379071, "complete_eos": 100, "cancelled": 9, "memory": {"cuda_allocated_bytes": 7475288064, "cuda_reserved_bytes": 9026142208, "cuda_peak_allocated_bytes": 9943896576, "cuda_peak_reserved_bytes": 10089398272, "rss_bytes": 3989397504}}
{"concurrency": 1, "wave": 110, "elapsed_s": 118.86734948121011, "complete_eos": 100, "cancelled": 10, "memory": {"cuda_allocated_bytes": 7475681280, "cuda_reserved_bytes": 9026142208, "cuda_peak_allocated_bytes": 9943896576, "cuda_peak_reserved_bytes": 10089398272, "rss_bytes": 3989397504}}
{"concurrency": 1, "wave": 111, "elapsed_s": 119.59739851206541, "complete_eos": 101, "cancelled": 10, "memory": {"cuda_allocated_bytes": 7475288064, "cuda_reserved_bytes": 9026142208, "cuda_peak_allocated_bytes": 9943896576, "cuda_peak_reserved_bytes": 10089398272, "rss_bytes": 3989397504}}
{"concurrency": 1, "wave": 112, "elapsed_s": 120.81176729500294, "complete_eos": 102, "cancelled": 10, "memory": {"cuda_allocated_bytes": 7475681280, "cuda_reserved_bytes": 9026142208, "cuda_peak_allocated_bytes": 9943896576, "cuda_peak_reserved_bytes": 10089398272, "rss_bytes": 3991261184}}
{"concurrency": 1, "wave": 113, "elapsed_s": 121.6612405218184, "complete_eos": 103, "cancelled": 10, "memory": {"cuda_allocated_bytes": 7475288064, "cuda_reserved_bytes": 9026142208, "cuda_peak_allocated_bytes": 9943896576, "cuda_peak_reserved_bytes": 10089398272, "rss_bytes": 3992182784}}
{"concurrency": 1, "wave": 114, "elapsed_s": 122.41824233159423, "complete_eos": 104, "cancelled": 10, "memory": {"cuda_allocated_bytes": 7475681280, "cuda_reserved_bytes": 9026142208, "cuda_peak_allocated_bytes": 9943896576, "cuda_peak_reserved_bytes": 10089398272, "rss_bytes": 3992182784}}
{"concurrency": 1, "wave": 115, "elapsed_s": 123.10149986110628, "complete_eos": 105, "cancelled": 10, "memory": {"cuda_allocated_bytes": 7475288064, "cuda_reserved_bytes": 9026142208, "cuda_peak_allocated_bytes": 9943896576, "cuda_peak_reserved_bytes": 10089398272, "rss_bytes": 3992182784}}
{"concurrency": 1, "wave": 116, "elapsed_s": 123.83256430365145, "complete_eos": 106, "cancelled": 10, "memory": {"cuda_allocated_bytes": 7475681280, "cuda_reserved_bytes": 9026142208, "cuda_peak_allocated_bytes": 9943896576, "cuda_peak_reserved_bytes": 10089398272, "rss_bytes": 3994468352}}
{"concurrency": 1, "wave": 117, "elapsed_s": 124.74164539203048, "complete_eos": 107, "cancelled": 10, "memory": {"cuda_allocated_bytes": 7475288064, "cuda_reserved_bytes": 9026142208, "cuda_peak_allocated_bytes": 9943896576, "cuda_peak_reserved_bytes": 10089398272, "rss_bytes": 3998593024}}
{"concurrency": 1, "wave": 118, "elapsed_s": 125.43836345337331, "complete_eos": 108, "cancelled": 10, "memory": {"cuda_allocated_bytes": 7475681280, "cuda_reserved_bytes": 9026142208, "cuda_peak_allocated_bytes": 9943896576, "cuda_peak_reserved_bytes": 10089398272, "rss_bytes": 3998617600}}
{"concurrency": 1, "wave": 119, "elapsed_s": 127.07046657800674, "complete_eos": 109, "cancelled": 10, "memory": {"cuda_allocated_bytes": 7475288064, "cuda_reserved_bytes": 9026142208, "cuda_peak_allocated_bytes": 9943896576, "cuda_peak_reserved_bytes": 10089398272, "rss_bytes": 4003307520}}
{"concurrency": 1, "wave": 120, "elapsed_s": 128.52454967983067, "complete_eos": 110, "cancelled": 10, "memory": {"cuda_allocated_bytes": 7475681280, "cuda_reserved_bytes": 9026142208, "cuda_peak_allocated_bytes": 9943896576, "cuda_peak_reserved_bytes": 10089398272, "rss_bytes": 4004175872}}
{"concurrency": 1, "wave": 121, "elapsed_s": 128.55848602764308, "complete_eos": 110, "cancelled": 11, "memory": {"cuda_allocated_bytes": 7475288064, "cuda_reserved_bytes": 9026142208, "cuda_peak_allocated_bytes": 9943896576, "cuda_peak_reserved_bytes": 10089398272, "rss_bytes": 4004175872}}
{"concurrency": 1, "wave": 122, "elapsed_s": 130.0010627657175, "complete_eos": 111, "cancelled": 11, "memory": {"cuda_allocated_bytes": 7475681280, "cuda_reserved_bytes": 9026142208, "cuda_peak_allocated_bytes": 9943896576, "cuda_peak_reserved_bytes": 10089398272, "rss_bytes": 4007591936}}
{"concurrency": 1, "wave": 123, "elapsed_s": 131.07987513579428, "complete_eos": 112, "cancelled": 11, "memory": {"cuda_allocated_bytes": 7475288064, "cuda_reserved_bytes": 9026142208, "cuda_peak_allocated_bytes": 9943896576, "cuda_peak_reserved_bytes": 10089398272, "rss_bytes": 4011270144}}
{"concurrency": 1, "wave": 124, "elapsed_s": 131.980659481138, "complete_eos": 113, "cancelled": 11, "memory": {"cuda_allocated_bytes": 7475681280, "cuda_reserved_bytes": 9026142208, "cuda_peak_allocated_bytes": 9943896576, "cuda_peak_reserved_bytes": 10089398272, "rss_bytes": 4011270144}}
{"concurrency": 1, "wave": 125, "elapsed_s": 132.9601005334407, "complete_eos": 114, "cancelled": 11, "memory": {"cuda_allocated_bytes": 7475288064, "cuda_reserved_bytes": 9026142208, "cuda_peak_allocated_bytes": 9943896576, "cuda_peak_reserved_bytes": 10089398272, "rss_bytes": 4013047808}}
{"concurrency": 1, "wave": 126, "elapsed_s": 133.88831898383796, "complete_eos": 115, "cancelled": 11, "memory": {"cuda_allocated_bytes": 7475681280, "cuda_reserved_bytes": 9026142208, "cuda_peak_allocated_bytes": 9943896576, "cuda_peak_reserved_bytes": 10089398272, "rss_bytes": 4013359104}}
{"concurrency": 1, "wave": 127, "elapsed_s": 135.35480792820454, "complete_eos": 116, "cancelled": 11, "memory": {"cuda_allocated_bytes": 7475288064, "cuda_reserved_bytes": 9026142208, "cuda_peak_allocated_bytes": 9943896576, "cuda_peak_reserved_bytes": 10089398272, "rss_bytes": 4013621248}}
{"concurrency": 1, "wave": 128, "elapsed_s": 136.9060275517404, "complete_eos": 117, "cancelled": 11, "memory": {"cuda_allocated_bytes": 7475681280, "cuda_reserved_bytes": 9026142208, "cuda_peak_allocated_bytes": 9943896576, "cuda_peak_reserved_bytes": 10089398272, "rss_bytes": 4014317568}}
{"concurrency": 1, "wave": 129, "elapsed_s": 137.81627693027258, "complete_eos": 118, "cancelled": 11, "memory": {"cuda_allocated_bytes": 7475288064, "cuda_reserved_bytes": 9026142208, "cuda_peak_allocated_bytes": 9943896576, "cuda_peak_reserved_bytes": 10089398272, "rss_bytes": 4014559232}}
{"concurrency": 1, "wave": 130, "elapsed_s": 138.71624059788883, "complete_eos": 119, "cancelled": 11, "memory": {"cuda_allocated_bytes": 7475681280, "cuda_reserved_bytes": 9026142208, "cuda_peak_allocated_bytes": 9943896576, "cuda_peak_reserved_bytes": 10089398272, "rss_bytes": 4014559232}}
{"concurrency": 1, "wave": 131, "elapsed_s": 139.99377783574164, "complete_eos": 120, "cancelled": 11, "memory": {"cuda_allocated_bytes": 7475288064, "cuda_reserved_bytes": 9026142208, "cuda_peak_allocated_bytes": 9943896576, "cuda_peak_reserved_bytes": 10089398272, "rss_bytes": 4014559232}}
{"concurrency": 1, "wave": 132, "elapsed_s": 140.04521173238754, "complete_eos": 120, "cancelled": 12, "memory": {"cuda_allocated_bytes": 7475681280, "cuda_reserved_bytes": 9026142208, "cuda_peak_allocated_bytes": 9943896576, "cuda_peak_reserved_bytes": 10089398272, "rss_bytes": 4014559232}}
{"concurrency": 1, "wave": 133, "elapsed_s": 141.00029443763196, "complete_eos": 121, "cancelled": 12, "memory": {"cuda_allocated_bytes": 7475288064, "cuda_reserved_bytes": 9026142208, "cuda_peak_allocated_bytes": 9943896576, "cuda_peak_reserved_bytes": 10089398272, "rss_bytes": 4014559232}}
{"concurrency": 1, "wave": 134, "elapsed_s": 141.88477200828493, "complete_eos": 122, "cancelled": 12, "memory": {"cuda_allocated_bytes": 7475681280, "cuda_reserved_bytes": 9026142208, "cuda_peak_allocated_bytes": 9943896576, "cuda_peak_reserved_bytes": 10089398272, "rss_bytes": 4014559232}}
{"concurrency": 1, "wave": 135, "elapsed_s": 142.96336015500128, "complete_eos": 123, "cancelled": 12, "memory": {"cuda_allocated_bytes": 7475288064, "cuda_reserved_bytes": 9026142208, "cuda_peak_allocated_bytes": 9943896576, "cuda_peak_reserved_bytes": 10089398272, "rss_bytes": 4014559232}}
{"concurrency": 1, "wave": 136, "elapsed_s": 143.8770056590438, "complete_eos": 124, "cancelled": 12, "memory": {"cuda_allocated_bytes": 7475681280, "cuda_reserved_bytes": 9026142208, "cuda_peak_allocated_bytes": 9943896576, "cuda_peak_reserved_bytes": 10089398272, "rss_bytes": 4014559232}}
{"concurrency": 1, "wave": 137, "elapsed_s": 144.7626857087016, "complete_eos": 125, "cancelled": 12, "memory": {"cuda_allocated_bytes": 7475288064, "cuda_reserved_bytes": 9026142208, "cuda_peak_allocated_bytes": 9943896576, "cuda_peak_reserved_bytes": 10089398272, "rss_bytes": 4014559232}}
{"concurrency": 1, "wave": 138, "elapsed_s": 145.34166276827455, "complete_eos": 126, "cancelled": 12, "memory": {"cuda_allocated_bytes": 7475681280, "cuda_reserved_bytes": 9026142208, "cuda_peak_allocated_bytes": 9943896576, "cuda_peak_reserved_bytes": 10089398272, "rss_bytes": 4014559232}}
{"concurrency": 1, "wave": 139, "elapsed_s": 146.6755848415196, "complete_eos": 127, "cancelled": 12, "memory": {"cuda_allocated_bytes": 7475288064, "cuda_reserved_bytes": 9026142208, "cuda_peak_allocated_bytes": 9943896576, "cuda_peak_reserved_bytes": 10089398272, "rss_bytes": 4015054848}}
{"concurrency": 1, "wave": 140, "elapsed_s": 147.86760469898582, "complete_eos": 128, "cancelled": 12, "memory": {"cuda_allocated_bytes": 7475681280, "cuda_reserved_bytes": 9026142208, "cuda_peak_allocated_bytes": 9943896576, "cuda_peak_reserved_bytes": 10089398272, "rss_bytes": 4015054848}}
{"concurrency": 1, "wave": 141, "elapsed_s": 149.13788397423923, "complete_eos": 129, "cancelled": 12, "memory": {"cuda_allocated_bytes": 7475288064, "cuda_reserved_bytes": 9026142208, "cuda_peak_allocated_bytes": 9943896576, "cuda_peak_reserved_bytes": 10089398272, "rss_bytes": 4015112192}}
{"concurrency": 1, "wave": 142, "elapsed_s": 149.8430621791631, "complete_eos": 130, "cancelled": 12, "memory": {"cuda_allocated_bytes": 7475681280, "cuda_reserved_bytes": 9026142208, "cuda_peak_allocated_bytes": 9943896576, "cuda_peak_reserved_bytes": 10089398272, "rss_bytes": 4015116288}}
{"concurrency": 1, "wave": 143, "elapsed_s": 149.89344905875623, "complete_eos": 130, "cancelled": 13, "memory": {"cuda_allocated_bytes": 7475288064, "cuda_reserved_bytes": 9026142208, "cuda_peak_allocated_bytes": 9943896576, "cuda_peak_reserved_bytes": 10089398272, "rss_bytes": 4015116288}}
{"concurrency": 1, "wave": 144, "elapsed_s": 150.79425373859704, "complete_eos": 131, "cancelled": 13, "memory": {"cuda_allocated_bytes": 7475681280, "cuda_reserved_bytes": 9026142208, "cuda_peak_allocated_bytes": 9943896576, "cuda_peak_reserved_bytes": 10089398272, "rss_bytes": 4015116288}}
{"concurrency": 1, "wave": 145, "elapsed_s": 151.80949102714658, "complete_eos": 132, "cancelled": 13, "memory": {"cuda_allocated_bytes": 7475288064, "cuda_reserved_bytes": 9026142208, "cuda_peak_allocated_bytes": 9943896576, "cuda_peak_reserved_bytes": 10089398272, "rss_bytes": 4015116288}}
{"concurrency": 1, "wave": 146, "elapsed_s": 152.70960393548012, "complete_eos": 133, "cancelled": 13, "memory": {"cuda_allocated_bytes": 7475681280, "cuda_reserved_bytes": 9026142208, "cuda_peak_allocated_bytes": 9943896576, "cuda_peak_reserved_bytes": 10089398272, "rss_bytes": 4015124480}}
{"concurrency": 1, "wave": 147, "elapsed_s": 154.00069194845855, "complete_eos": 134, "cancelled": 13, "memory": {"cuda_allocated_bytes": 7475288064, "cuda_reserved_bytes": 9026142208, "cuda_peak_allocated_bytes": 9943896576, "cuda_peak_reserved_bytes": 10089398272, "rss_bytes": 4015128576}}
{"concurrency": 1, "wave": 148, "elapsed_s": 155.22650027275085, "complete_eos": 135, "cancelled": 13, "memory": {"cuda_allocated_bytes": 7475681280, "cuda_reserved_bytes": 9026142208, "cuda_peak_allocated_bytes": 9943896576, "cuda_peak_reserved_bytes": 10089398272, "rss_bytes": 4015628288}}
{"concurrency": 1, "wave": 149, "elapsed_s": 156.39657183922827, "complete_eos": 136, "cancelled": 13, "memory": {"cuda_allocated_bytes": 7475288064, "cuda_reserved_bytes": 9026142208, "cuda_peak_allocated_bytes": 9943896576, "cuda_peak_reserved_bytes": 10089398272, "rss_bytes": 4015816704}}
{"concurrency": 1, "wave": 150, "elapsed_s": 157.6706372834742, "complete_eos": 137, "cancelled": 13, "memory": {"cuda_allocated_bytes": 7475681280, "cuda_reserved_bytes": 9026142208, "cuda_peak_allocated_bytes": 9943896576, "cuda_peak_reserved_bytes": 10089398272, "rss_bytes": 4015816704}}
{"concurrency": 1, "wave": 151, "elapsed_s": 158.78157396800816, "complete_eos": 138, "cancelled": 13, "memory": {"cuda_allocated_bytes": 7475288064, "cuda_reserved_bytes": 9026142208, "cuda_peak_allocated_bytes": 9943896576, "cuda_peak_reserved_bytes": 10089398272, "rss_bytes": 4015816704}}
{"concurrency": 1, "wave": 152, "elapsed_s": 160.0871061384678, "complete_eos": 139, "cancelled": 13, "memory": {"cuda_allocated_bytes": 7475681280, "cuda_reserved_bytes": 9026142208, "cuda_peak_allocated_bytes": 9943896576, "cuda_peak_reserved_bytes": 10089398272, "rss_bytes": 4015951872}}
{"concurrency": 1, "wave": 153, "elapsed_s": 161.4089854899794, "complete_eos": 140, "cancelled": 13, "memory": {"cuda_allocated_bytes": 7475288064, "cuda_reserved_bytes": 9026142208, "cuda_peak_allocated_bytes": 9943896576, "cuda_peak_reserved_bytes": 10089398272, "rss_bytes": 4016807936}}
{"concurrency": 1, "wave": 154, "elapsed_s": 161.43916611000896, "complete_eos": 140, "cancelled": 14, "memory": {"cuda_allocated_bytes": 7475681280, "cuda_reserved_bytes": 9026142208, "cuda_peak_allocated_bytes": 9943896576, "cuda_peak_reserved_bytes": 10089398272, "rss_bytes": 4016807936}}
{"concurrency": 1, "wave": 155, "elapsed_s": 162.64712943695486, "complete_eos": 141, "cancelled": 14, "memory": {"cuda_allocated_bytes": 7475288064, "cuda_reserved_bytes": 9026142208, "cuda_peak_allocated_bytes": 9943896576, "cuda_peak_reserved_bytes": 10089398272, "rss_bytes": 4016807936}}
{"concurrency": 1, "wave": 156, "elapsed_s": 163.59052779525518, "complete_eos": 142, "cancelled": 14, "memory": {"cuda_allocated_bytes": 7475681280, "cuda_reserved_bytes": 9026142208, "cuda_peak_allocated_bytes": 9943896576, "cuda_peak_reserved_bytes": 10089398272, "rss_bytes": 4016807936}}
{"concurrency": 1, "wave": 157, "elapsed_s": 164.48931228742003, "complete_eos": 143, "cancelled": 14, "memory": {"cuda_allocated_bytes": 7475288064, "cuda_reserved_bytes": 9026142208, "cuda_peak_allocated_bytes": 9943896576, "cuda_peak_reserved_bytes": 10089398272, "rss_bytes": 4017037312}}
{"concurrency": 1, "wave": 158, "elapsed_s": 165.56356537155807, "complete_eos": 144, "cancelled": 14, "memory": {"cuda_allocated_bytes": 7475681280, "cuda_reserved_bytes": 9026142208, "cuda_peak_allocated_bytes": 9943896576, "cuda_peak_reserved_bytes": 10089398272, "rss_bytes": 4017176576}}
{"concurrency": 1, "wave": 159, "elapsed_s": 166.52195226214826, "complete_eos": 145, "cancelled": 14, "memory": {"cuda_allocated_bytes": 7475288064, "cuda_reserved_bytes": 9026142208, "cuda_peak_allocated_bytes": 9943896576, "cuda_peak_reserved_bytes": 10089398272, "rss_bytes": 4017184768}}
{"concurrency": 1, "wave": 160, "elapsed_s": 167.3261361401528, "complete_eos": 146, "cancelled": 14, "memory": {"cuda_allocated_bytes": 7475681280, "cuda_reserved_bytes": 9026142208, "cuda_peak_allocated_bytes": 9943896576, "cuda_peak_reserved_bytes": 10089398272, "rss_bytes": 4017184768}}
{"concurrency": 1, "wave": 161, "elapsed_s": 168.95218894258142, "complete_eos": 147, "cancelled": 14, "memory": {"cuda_allocated_bytes": 7475288064, "cuda_reserved_bytes": 9026142208, "cuda_peak_allocated_bytes": 9943896576, "cuda_peak_reserved_bytes": 10089398272, "rss_bytes": 4017188864}}
{"concurrency": 1, "wave": 162, "elapsed_s": 170.2932512871921, "complete_eos": 148, "cancelled": 14, "memory": {"cuda_allocated_bytes": 7475681280, "cuda_reserved_bytes": 9026142208, "cuda_peak_allocated_bytes": 9943896576, "cuda_peak_reserved_bytes": 10089398272, "rss_bytes": 4017188864}}
{"concurrency": 1, "wave": 163, "elapsed_s": 171.1847447026521, "complete_eos": 149, "cancelled": 14, "memory": {"cuda_allocated_bytes": 7475288064, "cuda_reserved_bytes": 9026142208, "cuda_peak_allocated_bytes": 9943896576, "cuda_peak_reserved_bytes": 10089398272, "rss_bytes": 4017188864}}
{"concurrency": 1, "wave": 164, "elapsed_s": 172.67127773351967, "complete_eos": 150, "cancelled": 14, "memory": {"cuda_allocated_bytes": 7475681280, "cuda_reserved_bytes": 9026142208, "cuda_peak_allocated_bytes": 9943896576, "cuda_peak_reserved_bytes": 10089398272, "rss_bytes": 4017188864}}
{"concurrency": 1, "wave": 165, "elapsed_s": 172.70381341688335, "complete_eos": 150, "cancelled": 15, "memory": {"cuda_allocated_bytes": 7475288064, "cuda_reserved_bytes": 9026142208, "cuda_peak_allocated_bytes": 9943896576, "cuda_peak_reserved_bytes": 10089398272, "rss_bytes": 4017188864}}
{"concurrency": 1, "wave": 166, "elapsed_s": 174.01940699666739, "complete_eos": 151, "cancelled": 15, "memory": {"cuda_allocated_bytes": 7475681280, "cuda_reserved_bytes": 9026142208, "cuda_peak_allocated_bytes": 9943896576, "cuda_peak_reserved_bytes": 10089398272, "rss_bytes": 4017188864}}
{"concurrency": 1, "wave": 167, "elapsed_s": 175.0691470708698, "complete_eos": 152, "cancelled": 15, "memory": {"cuda_allocated_bytes": 7475288064, "cuda_reserved_bytes": 9026142208, "cuda_peak_allocated_bytes": 9943896576, "cuda_peak_reserved_bytes": 10089398272, "rss_bytes": 4017188864}}
{"concurrency": 1, "wave": 168, "elapsed_s": 176.1057267766446, "complete_eos": 153, "cancelled": 15, "memory": {"cuda_allocated_bytes": 7475681280, "cuda_reserved_bytes": 9026142208, "cuda_peak_allocated_bytes": 9943896576, "cuda_peak_reserved_bytes": 10089398272, "rss_bytes": 4017188864}}
{"concurrency": 1, "wave": 169, "elapsed_s": 177.6384876035154, "complete_eos": 154, "cancelled": 15, "memory": {"cuda_allocated_bytes": 7475288064, "cuda_reserved_bytes": 9026142208, "cuda_peak_allocated_bytes": 9943896576, "cuda_peak_reserved_bytes": 10089398272, "rss_bytes": 4017188864}}
{"concurrency": 1, "wave": 170, "elapsed_s": 178.8744130115956, "complete_eos": 155, "cancelled": 15, "memory": {"cuda_allocated_bytes": 7475681280, "cuda_reserved_bytes": 9026142208, "cuda_peak_allocated_bytes": 9943896576, "cuda_peak_reserved_bytes": 10089398272, "rss_bytes": 4017188864}}
{"concurrency": 1, "wave": 171, "elapsed_s": 180.13316636905074, "complete_eos": 156, "cancelled": 15, "memory": {"cuda_allocated_bytes": 7475288064, "cuda_reserved_bytes": 9026142208, "cuda_peak_allocated_bytes": 9943896576, "cuda_peak_reserved_bytes": 10089398272, "rss_bytes": 4017332224}}
{"concurrency": 1, "wave": 172, "elapsed_s": 181.04740073345602, "complete_eos": 157, "cancelled": 15, "memory": {"cuda_allocated_bytes": 7475681280, "cuda_reserved_bytes": 9026142208, "cuda_peak_allocated_bytes": 9943896576, "cuda_peak_reserved_bytes": 10089398272, "rss_bytes": 4017332224}}
{"concurrency": 1, "wave": 173, "elapsed_s": 182.54200597293675, "complete_eos": 158, "cancelled": 15, "memory": {"cuda_allocated_bytes": 7475288064, "cuda_reserved_bytes": 9026142208, "cuda_peak_allocated_bytes": 9943896576, "cuda_peak_reserved_bytes": 10089398272, "rss_bytes": 4017332224}}
{"concurrency": 1, "wave": 174, "elapsed_s": 183.44564902596176, "complete_eos": 159, "cancelled": 15, "memory": {"cuda_allocated_bytes": 7475681280, "cuda_reserved_bytes": 9026142208, "cuda_peak_allocated_bytes": 9943896576, "cuda_peak_reserved_bytes": 10089398272, "rss_bytes": 4017336320}}
{"concurrency": 1, "wave": 175, "elapsed_s": 184.4220268279314, "complete_eos": 160, "cancelled": 15, "memory": {"cuda_allocated_bytes": 7475288064, "cuda_reserved_bytes": 9026142208, "cuda_peak_allocated_bytes": 9943896576, "cuda_peak_reserved_bytes": 10089398272, "rss_bytes": 4017336320}}
{"concurrency": 1, "wave": 176, "elapsed_s": 184.45444391667843, "complete_eos": 160, "cancelled": 16, "memory": {"cuda_allocated_bytes": 7475681280, "cuda_reserved_bytes": 9026142208, "cuda_peak_allocated_bytes": 9943896576, "cuda_peak_reserved_bytes": 10089398272, "rss_bytes": 4017340416}}
{"concurrency": 1, "wave": 177, "elapsed_s": 185.59183438308537, "complete_eos": 161, "cancelled": 16, "memory": {"cuda_allocated_bytes": 7475288064, "cuda_reserved_bytes": 9026142208, "cuda_peak_allocated_bytes": 9943896576, "cuda_peak_reserved_bytes": 10089398272, "rss_bytes": 4017344512}}
{"concurrency": 1, "wave": 178, "elapsed_s": 187.46505788899958, "complete_eos": 162, "cancelled": 16, "memory": {"cuda_allocated_bytes": 7475681280, "cuda_reserved_bytes": 9026142208, "cuda_peak_allocated_bytes": 9943896576, "cuda_peak_reserved_bytes": 10089398272, "rss_bytes": 4017344512}}
{"concurrency": 1, "wave": 179, "elapsed_s": 188.70164816081524, "complete_eos": 163, "cancelled": 16, "memory": {"cuda_allocated_bytes": 7475288064, "cuda_reserved_bytes": 9026142208, "cuda_peak_allocated_bytes": 9943896576, "cuda_peak_reserved_bytes": 10089398272, "rss_bytes": 4017344512}}
{"concurrency": 1, "wave": 180, "elapsed_s": 189.70800945162773, "complete_eos": 164, "cancelled": 16, "memory": {"cuda_allocated_bytes": 7475681280, "cuda_reserved_bytes": 9026142208, "cuda_peak_allocated_bytes": 9943896576, "cuda_peak_reserved_bytes": 10089398272, "rss_bytes": 4017344512}}
{"concurrency": 1, "wave": 181, "elapsed_s": 191.34942292794585, "complete_eos": 165, "cancelled": 16, "memory": {"cuda_allocated_bytes": 7475288064, "cuda_reserved_bytes": 9026142208, "cuda_peak_allocated_bytes": 9943896576, "cuda_peak_reserved_bytes": 10089398272, "rss_bytes": 4017684480}}
{"concurrency": 1, "wave": 182, "elapsed_s": 192.61249124258757, "complete_eos": 166, "cancelled": 16, "memory": {"cuda_allocated_bytes": 7475681280, "cuda_reserved_bytes": 9026142208, "cuda_peak_allocated_bytes": 9943896576, "cuda_peak_reserved_bytes": 10089398272, "rss_bytes": 4017684480}}
{"concurrency": 1, "wave": 183, "elapsed_s": 193.92263289541006, "complete_eos": 167, "cancelled": 16, "memory": {"cuda_allocated_bytes": 7475288064, "cuda_reserved_bytes": 9026142208, "cuda_peak_allocated_bytes": 9943896576, "cuda_peak_reserved_bytes": 10089398272, "rss_bytes": 4017688576}}
{"concurrency": 1, "wave": 184, "elapsed_s": 195.7283912692219, "complete_eos": 168, "cancelled": 16, "memory": {"cuda_allocated_bytes": 7475681280, "cuda_reserved_bytes": 9026142208, "cuda_peak_allocated_bytes": 9943896576, "cuda_peak_reserved_bytes": 10089398272, "rss_bytes": 4017688576}}
{"concurrency": 1, "wave": 185, "elapsed_s": 196.92022387310863, "complete_eos": 169, "cancelled": 16, "memory": {"cuda_allocated_bytes": 7475288064, "cuda_reserved_bytes": 9026142208, "cuda_peak_allocated_bytes": 9943896576, "cuda_peak_reserved_bytes": 10089398272, "rss_bytes": 4017688576}}
{"concurrency": 1, "wave": 186, "elapsed_s": 198.43279138207436, "complete_eos": 170, "cancelled": 16, "memory": {"cuda_allocated_bytes": 7475681280, "cuda_reserved_bytes": 9026142208, "cuda_peak_allocated_bytes": 9943896576, "cuda_peak_reserved_bytes": 10089398272, "rss_bytes": 4017688576}}
{"concurrency": 1, "wave": 187, "elapsed_s": 198.4945271294564, "complete_eos": 170, "cancelled": 17, "memory": {"cuda_allocated_bytes": 7475288064, "cuda_reserved_bytes": 9026142208, "cuda_peak_allocated_bytes": 9943896576, "cuda_peak_reserved_bytes": 10089398272, "rss_bytes": 4017688576}}
{"concurrency": 1, "wave": 188, "elapsed_s": 199.5536040905863, "complete_eos": 171, "cancelled": 17, "memory": {"cuda_allocated_bytes": 7475681280, "cuda_reserved_bytes": 9026142208, "cuda_peak_allocated_bytes": 9943896576, "cuda_peak_reserved_bytes": 10089398272, "rss_bytes": 4017688576}}
{"concurrency": 1, "wave": 189, "elapsed_s": 200.9100014641881, "complete_eos": 172, "cancelled": 17, "memory": {"cuda_allocated_bytes": 7475288064, "cuda_reserved_bytes": 9026142208, "cuda_peak_allocated_bytes": 9943896576, "cuda_peak_reserved_bytes": 10089398272, "rss_bytes": 4017688576}}
{"concurrency": 1, "wave": 190, "elapsed_s": 203.0086390376091, "complete_eos": 173, "cancelled": 17, "memory": {"cuda_allocated_bytes": 7475681280, "cuda_reserved_bytes": 9026142208, "cuda_peak_allocated_bytes": 9943896576, "cuda_peak_reserved_bytes": 10089398272, "rss_bytes": 4018757632}}
{"concurrency": 1, "wave": 191, "elapsed_s": 203.72483928129077, "complete_eos": 174, "cancelled": 17, "memory": {"cuda_allocated_bytes": 7475288064, "cuda_reserved_bytes": 9026142208, "cuda_peak_allocated_bytes": 9943896576, "cuda_peak_reserved_bytes": 10089398272, "rss_bytes": 4018757632}}
{"concurrency": 1, "wave": 192, "elapsed_s": 205.27112746052444, "complete_eos": 175, "cancelled": 17, "memory": {"cuda_allocated_bytes": 7475681280, "cuda_reserved_bytes": 9026142208, "cuda_peak_allocated_bytes": 9943896576, "cuda_peak_reserved_bytes": 10089398272, "rss_bytes": 4018761728}}
{"concurrency": 1, "wave": 193, "elapsed_s": 206.84424685128033, "complete_eos": 176, "cancelled": 17, "memory": {"cuda_allocated_bytes": 7475288064, "cuda_reserved_bytes": 9026142208, "cuda_peak_allocated_bytes": 9943896576, "cuda_peak_reserved_bytes": 10089398272, "rss_bytes": 4018761728}}
{"concurrency": 1, "wave": 194, "elapsed_s": 208.03188636526465, "complete_eos": 177, "cancelled": 17, "memory": {"cuda_allocated_bytes": 7475681280, "cuda_reserved_bytes": 9026142208, "cuda_peak_allocated_bytes": 9943896576, "cuda_peak_reserved_bytes": 10089398272, "rss_bytes": 4018761728}}
{"concurrency": 1, "wave": 195, "elapsed_s": 209.18501902744174, "complete_eos": 178, "cancelled": 17, "memory": {"cuda_allocated_bytes": 7475288064, "cuda_reserved_bytes": 9026142208, "cuda_peak_allocated_bytes": 9943896576, "cuda_peak_reserved_bytes": 10089398272, "rss_bytes": 4018765824}}
{"concurrency": 1, "wave": 196, "elapsed_s": 210.30264081805944, "complete_eos": 179, "cancelled": 17, "memory": {"cuda_allocated_bytes": 7475681280, "cuda_reserved_bytes": 9026142208, "cuda_peak_allocated_bytes": 9943896576, "cuda_peak_reserved_bytes": 10089398272, "rss_bytes": 4018765824}}
{"concurrency": 1, "wave": 197, "elapsed_s": 211.6533626522869, "complete_eos": 180, "cancelled": 17, "memory": {"cuda_allocated_bytes": 7475288064, "cuda_reserved_bytes": 9026142208, "cuda_peak_allocated_bytes": 9943896576, "cuda_peak_reserved_bytes": 10089398272, "rss_bytes": 4018962432}}
{"concurrency": 1, "wave": 198, "elapsed_s": 211.69064756669104, "complete_eos": 180, "cancelled": 18, "memory": {"cuda_allocated_bytes": 7475681280, "cuda_reserved_bytes": 9026142208, "cuda_peak_allocated_bytes": 9943896576, "cuda_peak_reserved_bytes": 10089398272, "rss_bytes": 4018962432}}
{"concurrency": 1, "wave": 199, "elapsed_s": 212.51914955861866, "complete_eos": 181, "cancelled": 18, "memory": {"cuda_allocated_bytes": 7475288064, "cuda_reserved_bytes": 9026142208, "cuda_peak_allocated_bytes": 9943896576, "cuda_peak_reserved_bytes": 10089398272, "rss_bytes": 4018962432}}
{"concurrency": 1, "wave": 200, "elapsed_s": 213.68025209009647, "complete_eos": 182, "cancelled": 18, "memory": {"cuda_allocated_bytes": 7475681280, "cuda_reserved_bytes": 9026142208, "cuda_peak_allocated_bytes": 9943896576, "cuda_peak_reserved_bytes": 10089398272, "rss_bytes": 4018962432}}
{"concurrency": 1, "wave": 201, "elapsed_s": 214.4854160323739, "complete_eos": 183, "cancelled": 18, "memory": {"cuda_allocated_bytes": 7475288064, "cuda_reserved_bytes": 9026142208, "cuda_peak_allocated_bytes": 9943896576, "cuda_peak_reserved_bytes": 10089398272, "rss_bytes": 4018962432}}
{"concurrency": 1, "wave": 202, "elapsed_s": 215.36592497862875, "complete_eos": 184, "cancelled": 18, "memory": {"cuda_allocated_bytes": 7475681280, "cuda_reserved_bytes": 9026142208, "cuda_peak_allocated_bytes": 9943896576, "cuda_peak_reserved_bytes": 10089398272, "rss_bytes": 4019240960}}
{"concurrency": 1, "wave": 203, "elapsed_s": 216.7674342636019, "complete_eos": 185, "cancelled": 18, "memory": {"cuda_allocated_bytes": 7475288064, "cuda_reserved_bytes": 9026142208, "cuda_peak_allocated_bytes": 9943896576, "cuda_peak_reserved_bytes": 10089398272, "rss_bytes": 4019245056}}
{"concurrency": 1, "wave": 204, "elapsed_s": 218.61060215346515, "complete_eos": 186, "cancelled": 18, "memory": {"cuda_allocated_bytes": 7475681280, "cuda_reserved_bytes": 9026142208, "cuda_peak_allocated_bytes": 9943896576, "cuda_peak_reserved_bytes": 10089398272, "rss_bytes": 4019449856}}
{"concurrency": 1, "wave": 205, "elapsed_s": 219.66199052892625, "complete_eos": 187, "cancelled": 18, "memory": {"cuda_allocated_bytes": 7475288064, "cuda_reserved_bytes": 9026142208, "cuda_peak_allocated_bytes": 9943896576, "cuda_peak_reserved_bytes": 10089398272, "rss_bytes": 4019449856}}
{"concurrency": 1, "wave": 206, "elapsed_s": 220.59653765521944, "complete_eos": 188, "cancelled": 18, "memory": {"cuda_allocated_bytes": 7475681280, "cuda_reserved_bytes": 9026142208, "cuda_peak_allocated_bytes": 9943896576, "cuda_peak_reserved_bytes": 10089398272, "rss_bytes": 4019449856}}
{"concurrency": 1, "wave": 207, "elapsed_s": 221.13872933760285, "complete_eos": 189, "cancelled": 18, "memory": {"cuda_allocated_bytes": 7475288064, "cuda_reserved_bytes": 9026142208, "cuda_peak_allocated_bytes": 9943896576, "cuda_peak_reserved_bytes": 10089398272, "rss_bytes": 4019449856}}
{"concurrency": 1, "wave": 208, "elapsed_s": 222.6388981938362, "complete_eos": 190, "cancelled": 18, "memory": {"cuda_allocated_bytes": 7475681280, "cuda_reserved_bytes": 9026142208, "cuda_peak_allocated_bytes": 9943896576, "cuda_peak_reserved_bytes": 10089398272, "rss_bytes": 4019847168}}
{"concurrency": 1, "wave": 209, "elapsed_s": 222.67447513900697, "complete_eos": 190, "cancelled": 19, "memory": {"cuda_allocated_bytes": 7475288064, "cuda_reserved_bytes": 9026142208, "cuda_peak_allocated_bytes": 9943896576, "cuda_peak_reserved_bytes": 10089398272, "rss_bytes": 4019847168}}
{"concurrency": 1, "wave": 210, "elapsed_s": 223.99355010315776, "complete_eos": 191, "cancelled": 19, "memory": {"cuda_allocated_bytes": 7475681280, "cuda_reserved_bytes": 9026142208, "cuda_peak_allocated_bytes": 9943896576, "cuda_peak_reserved_bytes": 10089398272, "rss_bytes": 4019847168}}
{"concurrency": 1, "wave": 211, "elapsed_s": 225.0657389909029, "complete_eos": 192, "cancelled": 19, "memory": {"cuda_allocated_bytes": 7475288064, "cuda_reserved_bytes": 9026142208, "cuda_peak_allocated_bytes": 9943896576, "cuda_peak_reserved_bytes": 10089398272, "rss_bytes": 4019847168}}
{"concurrency": 1, "wave": 212, "elapsed_s": 226.36303705722094, "complete_eos": 193, "cancelled": 19, "memory": {"cuda_allocated_bytes": 7475681280, "cuda_reserved_bytes": 9026142208, "cuda_peak_allocated_bytes": 9943896576, "cuda_peak_reserved_bytes": 10089398272, "rss_bytes": 4019847168}}
{"concurrency": 1, "wave": 213, "elapsed_s": 227.48944626562297, "complete_eos": 194, "cancelled": 19, "memory": {"cuda_allocated_bytes": 7475288064, "cuda_reserved_bytes": 9026142208, "cuda_peak_allocated_bytes": 9943896576, "cuda_peak_reserved_bytes": 10089398272, "rss_bytes": 4019847168}}
{"concurrency": 1, "wave": 214, "elapsed_s": 228.38903152011335, "complete_eos": 195, "cancelled": 19, "memory": {"cuda_allocated_bytes": 7475681280, "cuda_reserved_bytes": 9026142208, "cuda_peak_allocated_bytes": 9943896576, "cuda_peak_reserved_bytes": 10089398272, "rss_bytes": 4019847168}}
{"concurrency": 1, "wave": 215, "elapsed_s": 229.444060806185, "complete_eos": 196, "cancelled": 19, "memory": {"cuda_allocated_bytes": 7475288064, "cuda_reserved_bytes": 9026142208, "cuda_peak_allocated_bytes": 9943896576, "cuda_peak_reserved_bytes": 10089398272, "rss_bytes": 4019847168}}
{"concurrency": 1, "wave": 216, "elapsed_s": 230.76468370109797, "complete_eos": 197, "cancelled": 19, "memory": {"cuda_allocated_bytes": 7475681280, "cuda_reserved_bytes": 9026142208, "cuda_peak_allocated_bytes": 9943896576, "cuda_peak_reserved_bytes": 10089398272, "rss_bytes": 4019847168}}
{"concurrency": 1, "wave": 217, "elapsed_s": 232.16792730242014, "complete_eos": 198, "cancelled": 19, "memory": {"cuda_allocated_bytes": 7475288064, "cuda_reserved_bytes": 9026142208, "cuda_peak_allocated_bytes": 9943896576, "cuda_peak_reserved_bytes": 10089398272, "rss_bytes": 4020379648}}
{"concurrency": 1, "wave": 218, "elapsed_s": 233.26478990539908, "complete_eos": 199, "cancelled": 19, "memory": {"cuda_allocated_bytes": 7475681280, "cuda_reserved_bytes": 9026142208, "cuda_peak_allocated_bytes": 9943896576, "cuda_peak_reserved_bytes": 10089398272, "rss_bytes": 4020379648}}
{"concurrency": 1, "wave": 219, "elapsed_s": 235.88867538236082, "complete_eos": 200, "cancelled": 19, "memory": {"cuda_allocated_bytes": 7475288064, "cuda_reserved_bytes": 9026142208, "cuda_peak_allocated_bytes": 9943896576, "cuda_peak_reserved_bytes": 10089398272, "rss_bytes": 4020379648}}
{"concurrency": 1, "wave": 220, "elapsed_s": 235.95555721968412, "complete_eos": 200, "cancelled": 20, "memory": {"cuda_allocated_bytes": 7475681280, "cuda_reserved_bytes": 9026142208, "cuda_peak_allocated_bytes": 9943896576, "cuda_peak_reserved_bytes": 10089398272, "rss_bytes": 4020379648}}
{"concurrency": 1, "wave": 221, "elapsed_s": 237.64724524505436, "complete_eos": 201, "cancelled": 20, "memory": {"cuda_allocated_bytes": 7475288064, "cuda_reserved_bytes": 9026142208, "cuda_peak_allocated_bytes": 9943896576, "cuda_peak_reserved_bytes": 10089398272, "rss_bytes": 4020379648}}
{"concurrency": 1, "wave": 222, "elapsed_s": 238.93002342060208, "complete_eos": 202, "cancelled": 20, "memory": {"cuda_allocated_bytes": 7475681280, "cuda_reserved_bytes": 9026142208, "cuda_peak_allocated_bytes": 9943896576, "cuda_peak_reserved_bytes": 10089398272, "rss_bytes": 4020379648}}
{"concurrency": 1, "wave": 223, "elapsed_s": 239.9152250085026, "complete_eos": 203, "cancelled": 20, "memory": {"cuda_allocated_bytes": 7475288064, "cuda_reserved_bytes": 9026142208, "cuda_peak_allocated_bytes": 9943896576, "cuda_peak_reserved_bytes": 10089398272, "rss_bytes": 4020379648}}
{"concurrency": 1, "wave": 224, "elapsed_s": 241.20756221562624, "complete_eos": 204, "cancelled": 20, "memory": {"cuda_allocated_bytes": 7475681280, "cuda_reserved_bytes": 9026142208, "cuda_peak_allocated_bytes": 9943896576, "cuda_peak_reserved_bytes": 10089398272, "rss_bytes": 4020379648}}
{"concurrency": 1, "wave": 225, "elapsed_s": 242.28879438899457, "complete_eos": 205, "cancelled": 20, "memory": {"cuda_allocated_bytes": 7475288064, "cuda_reserved_bytes": 9026142208, "cuda_peak_allocated_bytes": 9943896576, "cuda_peak_reserved_bytes": 10089398272, "rss_bytes": 4020379648}}
{"concurrency": 1, "wave": 226, "elapsed_s": 243.90096057020128, "complete_eos": 206, "cancelled": 20, "memory": {"cuda_allocated_bytes": 7475681280, "cuda_reserved_bytes": 9026142208, "cuda_peak_allocated_bytes": 9943896576, "cuda_peak_reserved_bytes": 10089398272, "rss_bytes": 4020379648}}
{"concurrency": 1, "wave": 227, "elapsed_s": 244.961585463956, "complete_eos": 207, "cancelled": 20, "memory": {"cuda_allocated_bytes": 7475288064, "cuda_reserved_bytes": 9026142208, "cuda_peak_allocated_bytes": 9943896576, "cuda_peak_reserved_bytes": 10089398272, "rss_bytes": 4020383744}}
{"concurrency": 1, "wave": 228, "elapsed_s": 246.40552163682878, "complete_eos": 208, "cancelled": 20, "memory": {"cuda_allocated_bytes": 7475681280, "cuda_reserved_bytes": 9026142208, "cuda_peak_allocated_bytes": 9943896576, "cuda_peak_reserved_bytes": 10089398272, "rss_bytes": 4020383744}}
{"concurrency": 1, "wave": 229, "elapsed_s": 247.8066800814122, "complete_eos": 209, "cancelled": 20, "memory": {"cuda_allocated_bytes": 7475288064, "cuda_reserved_bytes": 9026142208, "cuda_peak_allocated_bytes": 9943896576, "cuda_peak_reserved_bytes": 10089398272, "rss_bytes": 4020871168}}
{"concurrency": 1, "wave": 230, "elapsed_s": 249.28283238969743, "complete_eos": 210, "cancelled": 20, "memory": {"cuda_allocated_bytes": 7475681280, "cuda_reserved_bytes": 9026142208, "cuda_peak_allocated_bytes": 9943896576, "cuda_peak_reserved_bytes": 10089398272, "rss_bytes": 4020871168}}
{"concurrency": 1, "wave": 231, "elapsed_s": 249.3402525112033, "complete_eos": 210, "cancelled": 21, "memory": {"cuda_allocated_bytes": 7475288064, "cuda_reserved_bytes": 9026142208, "cuda_peak_allocated_bytes": 9943896576, "cuda_peak_reserved_bytes": 10089398272, "rss_bytes": 4020871168}}
{"concurrency": 1, "wave": 232, "elapsed_s": 250.74439168535173, "complete_eos": 211, "cancelled": 21, "memory": {"cuda_allocated_bytes": 7475681280, "cuda_reserved_bytes": 9026142208, "cuda_peak_allocated_bytes": 9943896576, "cuda_peak_reserved_bytes": 10089398272, "rss_bytes": 4020871168}}
{"concurrency": 1, "wave": 233, "elapsed_s": 252.30449562892318, "complete_eos": 212, "cancelled": 21, "memory": {"cuda_allocated_bytes": 7475288064, "cuda_reserved_bytes": 9026142208, "cuda_peak_allocated_bytes": 9943896576, "cuda_peak_reserved_bytes": 10089398272, "rss_bytes": 4021018624}}
{"concurrency": 1, "wave": 234, "elapsed_s": 254.0063381716609, "complete_eos": 213, "cancelled": 21, "memory": {"cuda_allocated_bytes": 7475681280, "cuda_reserved_bytes": 9026142208, "cuda_peak_allocated_bytes": 9943896576, "cuda_peak_reserved_bytes": 10089398272, "rss_bytes": 4021018624}}
{"concurrency": 1, "wave": 235, "elapsed_s": 255.282291226089, "complete_eos": 214, "cancelled": 21, "memory": {"cuda_allocated_bytes": 7475288064, "cuda_reserved_bytes": 9026142208, "cuda_peak_allocated_bytes": 9943896576, "cuda_peak_reserved_bytes": 10089398272, "rss_bytes": 4021018624}}
{"concurrency": 1, "wave": 236, "elapsed_s": 257.13897010684013, "complete_eos": 215, "cancelled": 21, "memory": {"cuda_allocated_bytes": 7475681280, "cuda_reserved_bytes": 9026142208, "cuda_peak_allocated_bytes": 9943896576, "cuda_peak_reserved_bytes": 10089398272, "rss_bytes": 4021436416}}
{"concurrency": 1, "wave": 237, "elapsed_s": 258.5320053845644, "complete_eos": 216, "cancelled": 21, "memory": {"cuda_allocated_bytes": 7475288064, "cuda_reserved_bytes": 9026142208, "cuda_peak_allocated_bytes": 9943896576, "cuda_peak_reserved_bytes": 10089398272, "rss_bytes": 4021522432}}
{"concurrency": 1, "wave": 238, "elapsed_s": 259.72949515655637, "complete_eos": 217, "cancelled": 21, "memory": {"cuda_allocated_bytes": 7475681280, "cuda_reserved_bytes": 9026142208, "cuda_peak_allocated_bytes": 9943896576, "cuda_peak_reserved_bytes": 10089398272, "rss_bytes": 4021522432}}
{"concurrency": 1, "wave": 239, "elapsed_s": 261.76506627351046, "complete_eos": 218, "cancelled": 21, "memory": {"cuda_allocated_bytes": 7475288064, "cuda_reserved_bytes": 9026142208, "cuda_peak_allocated_bytes": 9943896576, "cuda_peak_reserved_bytes": 10089398272, "rss_bytes": 4021522432}}
{"concurrency": 1, "wave": 240, "elapsed_s": 263.5019846409559, "complete_eos": 219, "cancelled": 21, "memory": {"cuda_allocated_bytes": 7475681280, "cuda_reserved_bytes": 9026142208, "cuda_peak_allocated_bytes": 9943896576, "cuda_peak_reserved_bytes": 10089398272, "rss_bytes": 4021526528}}
{"concurrency": 1, "wave": 241, "elapsed_s": 265.0320809595287, "complete_eos": 220, "cancelled": 21, "memory": {"cuda_allocated_bytes": 7475288064, "cuda_reserved_bytes": 9026142208, "cuda_peak_allocated_bytes": 9943896576, "cuda_peak_reserved_bytes": 10089398272, "rss_bytes": 4021526528}}
{"concurrency": 1, "wave": 242, "elapsed_s": 265.1002953052521, "complete_eos": 220, "cancelled": 22, "memory": {"cuda_allocated_bytes": 7475681280, "cuda_reserved_bytes": 9026142208, "cuda_peak_allocated_bytes": 9943896576, "cuda_peak_reserved_bytes": 10089398272, "rss_bytes": 4021526528}}
{"concurrency": 1, "wave": 243, "elapsed_s": 265.98836816847324, "complete_eos": 221, "cancelled": 22, "memory": {"cuda_allocated_bytes": 7475288064, "cuda_reserved_bytes": 9026142208, "cuda_peak_allocated_bytes": 9943896576, "cuda_peak_reserved_bytes": 10089398272, "rss_bytes": 4021526528}}
{"concurrency": 1, "wave": 244, "elapsed_s": 267.2098289337009, "complete_eos": 222, "cancelled": 22, "memory": {"cuda_allocated_bytes": 7475681280, "cuda_reserved_bytes": 9026142208, "cuda_peak_allocated_bytes": 9943896576, "cuda_peak_reserved_bytes": 10089398272, "rss_bytes": 4021526528}}
{"concurrency": 1, "wave": 245, "elapsed_s": 268.4422128498554, "complete_eos": 223, "cancelled": 22, "memory": {"cuda_allocated_bytes": 7475288064, "cuda_reserved_bytes": 9026142208, "cuda_peak_allocated_bytes": 9943896576, "cuda_peak_reserved_bytes": 10089398272, "rss_bytes": 4021526528}}
{"concurrency": 1, "wave": 246, "elapsed_s": 269.61453825235367, "complete_eos": 224, "cancelled": 22, "memory": {"cuda_allocated_bytes": 7475681280, "cuda_reserved_bytes": 9026142208, "cuda_peak_allocated_bytes": 9943896576, "cuda_peak_reserved_bytes": 10089398272, "rss_bytes": 4021526528}}
{"concurrency": 1, "wave": 247, "elapsed_s": 270.9347235225141, "complete_eos": 225, "cancelled": 22, "memory": {"cuda_allocated_bytes": 7475288064, "cuda_reserved_bytes": 9026142208, "cuda_peak_allocated_bytes": 9943896576, "cuda_peak_reserved_bytes": 10089398272, "rss_bytes": 4021526528}}
{"concurrency": 1, "wave": 248, "elapsed_s": 271.911443663761, "complete_eos": 226, "cancelled": 22, "memory": {"cuda_allocated_bytes": 7475681280, "cuda_reserved_bytes": 9026142208, "cuda_peak_allocated_bytes": 9943896576, "cuda_peak_reserved_bytes": 10089398272, "rss_bytes": 4021526528}}
{"concurrency": 1, "wave": 249, "elapsed_s": 273.44722094386816, "complete_eos": 227, "cancelled": 22, "memory": {"cuda_allocated_bytes": 7475288064, "cuda_reserved_bytes": 9026142208, "cuda_peak_allocated_bytes": 9943896576, "cuda_peak_reserved_bytes": 10089398272, "rss_bytes": 4021608448}}
{"concurrency": 1, "wave": 250, "elapsed_s": 274.40032837353647, "complete_eos": 228, "cancelled": 22, "memory": {"cuda_allocated_bytes": 7475681280, "cuda_reserved_bytes": 9026142208, "cuda_peak_allocated_bytes": 9943896576, "cuda_peak_reserved_bytes": 10089398272, "rss_bytes": 4021608448}}
{"concurrency": 1, "wave": 251, "elapsed_s": 275.5996412485838, "complete_eos": 229, "cancelled": 22, "memory": {"cuda_allocated_bytes": 7475288064, "cuda_reserved_bytes": 9026142208, "cuda_peak_allocated_bytes": 9943896576, "cuda_peak_reserved_bytes": 10089398272, "rss_bytes": 4021608448}}
{"concurrency": 1, "wave": 252, "elapsed_s": 277.23828009516, "complete_eos": 230, "cancelled": 22, "memory": {"cuda_allocated_bytes": 7475681280, "cuda_reserved_bytes": 9026142208, "cuda_peak_allocated_bytes": 9943896576, "cuda_peak_reserved_bytes": 10089398272, "rss_bytes": 4021616640}}
{"concurrency": 1, "wave": 253, "elapsed_s": 277.3063893150538, "complete_eos": 230, "cancelled": 23, "memory": {"cuda_allocated_bytes": 7475288064, "cuda_reserved_bytes": 9026142208, "cuda_peak_allocated_bytes": 9943896576, "cuda_peak_reserved_bytes": 10089398272, "rss_bytes": 4021616640}}
{"concurrency": 1, "wave": 254, "elapsed_s": 278.4541793484241, "complete_eos": 231, "cancelled": 23, "memory": {"cuda_allocated_bytes": 7475681280, "cuda_reserved_bytes": 9026142208, "cuda_peak_allocated_bytes": 9943896576, "cuda_peak_reserved_bytes": 10089398272, "rss_bytes": 4021620736}}
{"concurrency": 1, "wave": 255, "elapsed_s": 279.74977362528443, "complete_eos": 232, "cancelled": 23, "memory": {"cuda_allocated_bytes": 7475288064, "cuda_reserved_bytes": 9026142208, "cuda_peak_allocated_bytes": 9943896576, "cuda_peak_reserved_bytes": 10089398272, "rss_bytes": 4021653504}}
{"concurrency": 1, "wave": 256, "elapsed_s": 280.2158013880253, "complete_eos": 233, "cancelled": 23, "memory": {"cuda_allocated_bytes": 7475681280, "cuda_reserved_bytes": 9026142208, "cuda_peak_allocated_bytes": 9943896576, "cuda_peak_reserved_bytes": 10089398272, "rss_bytes": 4021653504}}
{"concurrency": 1, "wave": 257, "elapsed_s": 281.44804839603603, "complete_eos": 234, "cancelled": 23, "memory": {"cuda_allocated_bytes": 7475288064, "cuda_reserved_bytes": 9026142208, "cuda_peak_allocated_bytes": 9943896576, "cuda_peak_reserved_bytes": 10089398272, "rss_bytes": 4021653504}}
{"concurrency": 1, "wave": 258, "elapsed_s": 282.4541167579591, "complete_eos": 235, "cancelled": 23, "memory": {"cuda_allocated_bytes": 7475681280, "cuda_reserved_bytes": 9026142208, "cuda_peak_allocated_bytes": 9943896576, "cuda_peak_reserved_bytes": 10089398272, "rss_bytes": 4021653504}}
{"concurrency": 1, "wave": 259, "elapsed_s": 283.5929902549833, "complete_eos": 236, "cancelled": 23, "memory": {"cuda_allocated_bytes": 7475288064, "cuda_reserved_bytes": 9026142208, "cuda_peak_allocated_bytes": 9943896576, "cuda_peak_reserved_bytes": 10089398272, "rss_bytes": 4021825536}}
{"concurrency": 1, "wave": 260, "elapsed_s": 284.4559727050364, "complete_eos": 237, "cancelled": 23, "memory": {"cuda_allocated_bytes": 7475681280, "cuda_reserved_bytes": 9026142208, "cuda_peak_allocated_bytes": 9943896576, "cuda_peak_reserved_bytes": 10089398272, "rss_bytes": 4021825536}}
{"concurrency": 1, "wave": 261, "elapsed_s": 285.38409425131977, "complete_eos": 238, "cancelled": 23, "memory": {"cuda_allocated_bytes": 7475288064, "cuda_reserved_bytes": 9026142208, "cuda_peak_allocated_bytes": 9943896576, "cuda_peak_reserved_bytes": 10089398272, "rss_bytes": 4021825536}}
{"concurrency": 1, "wave": 262, "elapsed_s": 286.33877126686275, "complete_eos": 239, "cancelled": 23, "memory": {"cuda_allocated_bytes": 7475681280, "cuda_reserved_bytes": 9026142208, "cuda_peak_allocated_bytes": 9943896576, "cuda_peak_reserved_bytes": 10089398272, "rss_bytes": 4021825536}}
{"concurrency": 1, "wave": 263, "elapsed_s": 287.152972349897, "complete_eos": 240, "cancelled": 23, "memory": {"cuda_allocated_bytes": 7475288064, "cuda_reserved_bytes": 9026142208, "cuda_peak_allocated_bytes": 9943896576, "cuda_peak_reserved_bytes": 10089398272, "rss_bytes": 4021825536}}
{"concurrency": 1, "wave": 264, "elapsed_s": 287.19344886019826, "complete_eos": 240, "cancelled": 24, "memory": {"cuda_allocated_bytes": 7475681280, "cuda_reserved_bytes": 9026142208, "cuda_peak_allocated_bytes": 9943896576, "cuda_peak_reserved_bytes": 10089398272, "rss_bytes": 4021825536}}
{"concurrency": 1, "wave": 265, "elapsed_s": 288.23349173367023, "complete_eos": 241, "cancelled": 24, "memory": {"cuda_allocated_bytes": 7475288064, "cuda_reserved_bytes": 9026142208, "cuda_peak_allocated_bytes": 9943896576, "cuda_peak_reserved_bytes": 10089398272, "rss_bytes": 4021825536}}
{"concurrency": 1, "wave": 266, "elapsed_s": 289.4357475526631, "complete_eos": 242, "cancelled": 24, "memory": {"cuda_allocated_bytes": 7475681280, "cuda_reserved_bytes": 9026142208, "cuda_peak_allocated_bytes": 9943896576, "cuda_peak_reserved_bytes": 10089398272, "rss_bytes": 4021825536}}
{"concurrency": 1, "wave": 267, "elapsed_s": 290.4783410988748, "complete_eos": 243, "cancelled": 24, "memory": {"cuda_allocated_bytes": 7475288064, "cuda_reserved_bytes": 9026142208, "cuda_peak_allocated_bytes": 9943896576, "cuda_peak_reserved_bytes": 10089398272, "rss_bytes": 4022362112}}
{"concurrency": 1, "wave": 268, "elapsed_s": 291.6802619602531, "complete_eos": 244, "cancelled": 24, "memory": {"cuda_allocated_bytes": 7475681280, "cuda_reserved_bytes": 9026142208, "cuda_peak_allocated_bytes": 9943896576, "cuda_peak_reserved_bytes": 10089398272, "rss_bytes": 4022362112}}
{"concurrency": 1, "wave": 269, "elapsed_s": 292.6923273950815, "complete_eos": 245, "cancelled": 24, "memory": {"cuda_allocated_bytes": 7475288064, "cuda_reserved_bytes": 9026142208, "cuda_peak_allocated_bytes": 9943896576, "cuda_peak_reserved_bytes": 10089398272, "rss_bytes": 4022362112}}
{"concurrency": 1, "wave": 270, "elapsed_s": 293.35775608196855, "complete_eos": 246, "cancelled": 24, "memory": {"cuda_allocated_bytes": 7475681280, "cuda_reserved_bytes": 9026142208, "cuda_peak_allocated_bytes": 9943896576, "cuda_peak_reserved_bytes": 10089398272, "rss_bytes": 4022362112}}
{"concurrency": 1, "wave": 271, "elapsed_s": 294.789912506938, "complete_eos": 247, "cancelled": 24, "memory": {"cuda_allocated_bytes": 7475288064, "cuda_reserved_bytes": 9026142208, "cuda_peak_allocated_bytes": 9943896576, "cuda_peak_reserved_bytes": 10089398272, "rss_bytes": 4022362112}}
{"concurrency": 1, "wave": 272, "elapsed_s": 296.0525378547609, "complete_eos": 248, "cancelled": 24, "memory": {"cuda_allocated_bytes": 7475681280, "cuda_reserved_bytes": 9026142208, "cuda_peak_allocated_bytes": 9943896576, "cuda_peak_reserved_bytes": 10089398272, "rss_bytes": 4022362112}}
{"concurrency": 1, "wave": 273, "elapsed_s": 297.4238002356142, "complete_eos": 249, "cancelled": 24, "memory": {"cuda_allocated_bytes": 7475288064, "cuda_reserved_bytes": 9026142208, "cuda_peak_allocated_bytes": 9943896576, "cuda_peak_reserved_bytes": 10089398272, "rss_bytes": 4022362112}}
{"concurrency": 1, "wave": 274, "elapsed_s": 298.8732099980116, "complete_eos": 250, "cancelled": 24, "memory": {"cuda_allocated_bytes": 7475681280, "cuda_reserved_bytes": 9026142208, "cuda_peak_allocated_bytes": 9943896576, "cuda_peak_reserved_bytes": 10089398272, "rss_bytes": 4022362112}}
{"concurrency": 1, "wave": 275, "elapsed_s": 298.94177505001426, "complete_eos": 250, "cancelled": 25, "memory": {"cuda_allocated_bytes": 7475288064, "cuda_reserved_bytes": 9026142208, "cuda_peak_allocated_bytes": 9943896576, "cuda_peak_reserved_bytes": 10089398272, "rss_bytes": 4022366208}}
{"concurrency": 1, "wave": 276, "elapsed_s": 299.8960249349475, "complete_eos": 251, "cancelled": 25, "memory": {"cuda_allocated_bytes": 7475681280, "cuda_reserved_bytes": 9026142208, "cuda_peak_allocated_bytes": 9943896576, "cuda_peak_reserved_bytes": 10089398272, "rss_bytes": 4022366208}}
{"concurrency": 1, "wave": 277, "elapsed_s": 300.82274835184216, "complete_eos": 252, "cancelled": 25, "memory": {"cuda_allocated_bytes": 7475288064, "cuda_reserved_bytes": 9026142208, "cuda_peak_allocated_bytes": 9943896576, "cuda_peak_reserved_bytes": 10089398272, "rss_bytes": 4022366208}}
{"concurrency": 1, "wave": 278, "elapsed_s": 302.137504581362, "complete_eos": 253, "cancelled": 25, "memory": {"cuda_allocated_bytes": 7475681280, "cuda_reserved_bytes": 9026142208, "cuda_peak_allocated_bytes": 9943896576, "cuda_peak_reserved_bytes": 10089398272, "rss_bytes": 4022370304}}
{"concurrency": 1, "wave": 279, "elapsed_s": 303.3716197870672, "complete_eos": 254, "cancelled": 25, "memory": {"cuda_allocated_bytes": 7475288064, "cuda_reserved_bytes": 9026142208, "cuda_peak_allocated_bytes": 9943896576, "cuda_peak_reserved_bytes": 10089398272, "rss_bytes": 4022370304}}
{"concurrency": 1, "wave": 280, "elapsed_s": 304.08071374706924, "complete_eos": 255, "cancelled": 25, "memory": {"cuda_allocated_bytes": 7475681280, "cuda_reserved_bytes": 9026142208, "cuda_peak_allocated_bytes": 9943896576, "cuda_peak_reserved_bytes": 10089398272, "rss_bytes": 4022431744}}
{"concurrency": 1, "wave": 281, "elapsed_s": 305.4597559440881, "complete_eos": 256, "cancelled": 25, "memory": {"cuda_allocated_bytes": 7475288064, "cuda_reserved_bytes": 9026142208, "cuda_peak_allocated_bytes": 9943896576, "cuda_peak_reserved_bytes": 10089398272, "rss_bytes": 4022431744}}
{"concurrency": 1, "wave": 282, "elapsed_s": 306.94468041323125, "complete_eos": 257, "cancelled": 25, "memory": {"cuda_allocated_bytes": 7475681280, "cuda_reserved_bytes": 9026142208, "cuda_peak_allocated_bytes": 9943896576, "cuda_peak_reserved_bytes": 10089398272, "rss_bytes": 4022431744}}
{"concurrency": 1, "wave": 283, "elapsed_s": 308.2905789669603, "complete_eos": 258, "cancelled": 25, "memory": {"cuda_allocated_bytes": 7475288064, "cuda_reserved_bytes": 9026142208, "cuda_peak_allocated_bytes": 9943896576, "cuda_peak_reserved_bytes": 10089398272, "rss_bytes": 4022439936}}
{"concurrency": 1, "wave": 284, "elapsed_s": 309.4312747977674, "complete_eos": 259, "cancelled": 25, "memory": {"cuda_allocated_bytes": 7475681280, "cuda_reserved_bytes": 9026142208, "cuda_peak_allocated_bytes": 9943896576, "cuda_peak_reserved_bytes": 10089398272, "rss_bytes": 4022444032}}
{"concurrency": 1, "wave": 285, "elapsed_s": 310.35705140046775, "complete_eos": 260, "cancelled": 25, "memory": {"cuda_allocated_bytes": 7475288064, "cuda_reserved_bytes": 9026142208, "cuda_peak_allocated_bytes": 9943896576, "cuda_peak_reserved_bytes": 10089398272, "rss_bytes": 4022444032}}
{"concurrency": 1, "wave": 286, "elapsed_s": 310.4108143988997, "complete_eos": 260, "cancelled": 26, "memory": {"cuda_allocated_bytes": 7475681280, "cuda_reserved_bytes": 9026142208, "cuda_peak_allocated_bytes": 9943896576, "cuda_peak_reserved_bytes": 10089398272, "rss_bytes": 4022444032}}
{"concurrency": 1, "wave": 287, "elapsed_s": 311.6258400455117, "complete_eos": 261, "cancelled": 26, "memory": {"cuda_allocated_bytes": 7475288064, "cuda_reserved_bytes": 9026142208, "cuda_peak_allocated_bytes": 9943896576, "cuda_peak_reserved_bytes": 10089398272, "rss_bytes": 4022444032}}
{"concurrency": 1, "wave": 288, "elapsed_s": 312.8782799914479, "complete_eos": 262, "cancelled": 26, "memory": {"cuda_allocated_bytes": 7475681280, "cuda_reserved_bytes": 9026142208, "cuda_peak_allocated_bytes": 9943896576, "cuda_peak_reserved_bytes": 10089398272, "rss_bytes": 4022444032}}
{"concurrency": 1, "wave": 289, "elapsed_s": 313.9907734300941, "complete_eos": 263, "cancelled": 26, "memory": {"cuda_allocated_bytes": 7475288064, "cuda_reserved_bytes": 9026142208, "cuda_peak_allocated_bytes": 9943896576, "cuda_peak_reserved_bytes": 10089398272, "rss_bytes": 4022562816}}
{"concurrency": 1, "wave": 290, "elapsed_s": 314.9151133764535, "complete_eos": 264, "cancelled": 26, "memory": {"cuda_allocated_bytes": 7475681280, "cuda_reserved_bytes": 9026142208, "cuda_peak_allocated_bytes": 9943896576, "cuda_peak_reserved_bytes": 10089398272, "rss_bytes": 4022562816}}
{"concurrency": 1, "wave": 291, "elapsed_s": 316.0534115228802, "complete_eos": 265, "cancelled": 26, "memory": {"cuda_allocated_bytes": 7475288064, "cuda_reserved_bytes": 9026142208, "cuda_peak_allocated_bytes": 9943896576, "cuda_peak_reserved_bytes": 10089398272, "rss_bytes": 4022607872}}
{"concurrency": 1, "wave": 292, "elapsed_s": 316.8289425354451, "complete_eos": 266, "cancelled": 26, "memory": {"cuda_allocated_bytes": 7475681280, "cuda_reserved_bytes": 9026142208, "cuda_peak_allocated_bytes": 9943896576, "cuda_peak_reserved_bytes": 10089398272, "rss_bytes": 4022820864}}
{"concurrency": 1, "wave": 293, "elapsed_s": 317.71860482543707, "complete_eos": 267, "cancelled": 26, "memory": {"cuda_allocated_bytes": 7475288064, "cuda_reserved_bytes": 9026142208, "cuda_peak_allocated_bytes": 9943896576, "cuda_peak_reserved_bytes": 10089398272, "rss_bytes": 4022820864}}
{"concurrency": 1, "wave": 294, "elapsed_s": 318.4145509712398, "complete_eos": 268, "cancelled": 26, "memory": {"cuda_allocated_bytes": 7475681280, "cuda_reserved_bytes": 9026142208, "cuda_peak_allocated_bytes": 9943896576, "cuda_peak_reserved_bytes": 10089398272, "rss_bytes": 4022820864}}
{"concurrency": 1, "wave": 295, "elapsed_s": 319.4529778510332, "complete_eos": 269, "cancelled": 26, "memory": {"cuda_allocated_bytes": 7475288064, "cuda_reserved_bytes": 9026142208, "cuda_peak_allocated_bytes": 9943896576, "cuda_peak_reserved_bytes": 10089398272, "rss_bytes": 4022820864}}
{"concurrency": 1, "wave": 296, "elapsed_s": 320.1961210090667, "complete_eos": 270, "cancelled": 26, "memory": {"cuda_allocated_bytes": 7475681280, "cuda_reserved_bytes": 9026142208, "cuda_peak_allocated_bytes": 9943896576, "cuda_peak_reserved_bytes": 10089398272, "rss_bytes": 4022820864}}
{"concurrency": 1, "wave": 297, "elapsed_s": 320.2596811000258, "complete_eos": 270, "cancelled": 27, "memory": {"cuda_allocated_bytes": 7475288064, "cuda_reserved_bytes": 9026142208, "cuda_peak_allocated_bytes": 9943896576, "cuda_peak_reserved_bytes": 10089398272, "rss_bytes": 4022820864}}
{"concurrency": 1, "wave": 298, "elapsed_s": 320.9397637937218, "complete_eos": 271, "cancelled": 27, "memory": {"cuda_allocated_bytes": 7475681280, "cuda_reserved_bytes": 9026142208, "cuda_peak_allocated_bytes": 9943896576, "cuda_peak_reserved_bytes": 10089398272, "rss_bytes": 4022820864}}
{"concurrency": 1, "wave": 299, "elapsed_s": 322.0486795436591, "complete_eos": 272, "cancelled": 27, "memory": {"cuda_allocated_bytes": 7475288064, "cuda_reserved_bytes": 9026142208, "cuda_peak_allocated_bytes": 9943896576, "cuda_peak_reserved_bytes": 10089398272, "rss_bytes": 4022820864}}
{"concurrency": 1, "wave": 300, "elapsed_s": 322.7829714938998, "complete_eos": 273, "cancelled": 27, "memory": {"cuda_allocated_bytes": 7475681280, "cuda_reserved_bytes": 9026142208, "cuda_peak_allocated_bytes": 9943896576, "cuda_peak_reserved_bytes": 10089398272, "rss_bytes": 4022820864}}
{"concurrency": 1, "wave": 301, "elapsed_s": 323.7728179991245, "complete_eos": 274, "cancelled": 27, "memory": {"cuda_allocated_bytes": 7475288064, "cuda_reserved_bytes": 9026142208, "cuda_peak_allocated_bytes": 9943896576, "cuda_peak_reserved_bytes": 10089398272, "rss_bytes": 4023144448}}
{"concurrency": 1, "wave": 302, "elapsed_s": 324.86030672863126, "complete_eos": 275, "cancelled": 27, "memory": {"cuda_allocated_bytes": 7475681280, "cuda_reserved_bytes": 9026142208, "cuda_peak_allocated_bytes": 9943896576, "cuda_peak_reserved_bytes": 10089398272, "rss_bytes": 4023144448}}
{"concurrency": 1, "wave": 303, "elapsed_s": 326.2567603010684, "complete_eos": 276, "cancelled": 27, "memory": {"cuda_allocated_bytes": 7475288064, "cuda_reserved_bytes": 9026142208, "cuda_peak_allocated_bytes": 9943896576, "cuda_peak_reserved_bytes": 10089398272, "rss_bytes": 4023144448}}
{"concurrency": 1, "wave": 304, "elapsed_s": 327.4176136869937, "complete_eos": 277, "cancelled": 27, "memory": {"cuda_allocated_bytes": 7475681280, "cuda_reserved_bytes": 9026142208, "cuda_peak_allocated_bytes": 9943896576, "cuda_peak_reserved_bytes": 10089398272, "rss_bytes": 4023144448}}
{"concurrency": 1, "wave": 305, "elapsed_s": 328.4233428761363, "complete_eos": 278, "cancelled": 27, "memory": {"cuda_allocated_bytes": 7475288064, "cuda_reserved_bytes": 9026142208, "cuda_peak_allocated_bytes": 9943896576, "cuda_peak_reserved_bytes": 10089398272, "rss_bytes": 4023144448}}
{"concurrency": 1, "wave": 306, "elapsed_s": 329.8060723487288, "complete_eos": 279, "cancelled": 27, "memory": {"cuda_allocated_bytes": 7475681280, "cuda_reserved_bytes": 9026142208, "cuda_peak_allocated_bytes": 9943896576, "cuda_peak_reserved_bytes": 10089398272, "rss_bytes": 4023361536}}
{"concurrency": 1, "wave": 307, "elapsed_s": 330.817790530622, "complete_eos": 280, "cancelled": 27, "memory": {"cuda_allocated_bytes": 7475288064, "cuda_reserved_bytes": 9026142208, "cuda_peak_allocated_bytes": 9943896576, "cuda_peak_reserved_bytes": 10089398272, "rss_bytes": 4023861248}}
{"concurrency": 1, "wave": 308, "elapsed_s": 330.8863129597157, "complete_eos": 280, "cancelled": 28, "memory": {"cuda_allocated_bytes": 7475681280, "cuda_reserved_bytes": 9026142208, "cuda_peak_allocated_bytes": 9943896576, "cuda_peak_reserved_bytes": 10089398272, "rss_bytes": 4023861248}}
{"concurrency": 1, "wave": 309, "elapsed_s": 332.01500736922026, "complete_eos": 281, "cancelled": 28, "memory": {"cuda_allocated_bytes": 7475288064, "cuda_reserved_bytes": 9026142208, "cuda_peak_allocated_bytes": 9943896576, "cuda_peak_reserved_bytes": 10089398272, "rss_bytes": 4023861248}}
{"concurrency": 1, "wave": 310, "elapsed_s": 333.50174621492624, "complete_eos": 282, "cancelled": 28, "memory": {"cuda_allocated_bytes": 7475681280, "cuda_reserved_bytes": 9026142208, "cuda_peak_allocated_bytes": 9943896576, "cuda_peak_reserved_bytes": 10089398272, "rss_bytes": 4023861248}}
{"concurrency": 1, "wave": 311, "elapsed_s": 334.2636411283165, "complete_eos": 283, "cancelled": 28, "memory": {"cuda_allocated_bytes": 7475288064, "cuda_reserved_bytes": 9026142208, "cuda_peak_allocated_bytes": 9943896576, "cuda_peak_reserved_bytes": 10089398272, "rss_bytes": 4023861248}}
{"concurrency": 1, "wave": 312, "elapsed_s": 335.4698300138116, "complete_eos": 284, "cancelled": 28, "memory": {"cuda_allocated_bytes": 7475681280, "cuda_reserved_bytes": 9026142208, "cuda_peak_allocated_bytes": 9943896576, "cuda_peak_reserved_bytes": 10089398272, "rss_bytes": 4023861248}}
{"concurrency": 1, "wave": 313, "elapsed_s": 336.37799496389925, "complete_eos": 285, "cancelled": 28, "memory": {"cuda_allocated_bytes": 7475288064, "cuda_reserved_bytes": 9026142208, "cuda_peak_allocated_bytes": 9943896576, "cuda_peak_reserved_bytes": 10089398272, "rss_bytes": 4023861248}}
{"concurrency": 1, "wave": 314, "elapsed_s": 337.2428342308849, "complete_eos": 286, "cancelled": 28, "memory": {"cuda_allocated_bytes": 7475681280, "cuda_reserved_bytes": 9026142208, "cuda_peak_allocated_bytes": 9943896576, "cuda_peak_reserved_bytes": 10089398272, "rss_bytes": 4023861248}}
{"concurrency": 1, "wave": 315, "elapsed_s": 338.1428081393242, "complete_eos": 287, "cancelled": 28, "memory": {"cuda_allocated_bytes": 7475288064, "cuda_reserved_bytes": 9026142208, "cuda_peak_allocated_bytes": 9943896576, "cuda_peak_reserved_bytes": 10089398272, "rss_bytes": 4023861248}}
{"concurrency": 1, "wave": 316, "elapsed_s": 339.51392608880997, "complete_eos": 288, "cancelled": 28, "memory": {"cuda_allocated_bytes": 7475681280, "cuda_reserved_bytes": 9026142208, "cuda_peak_allocated_bytes": 9943896576, "cuda_peak_reserved_bytes": 10089398272, "rss_bytes": 4023861248}}
{"concurrency": 1, "wave": 317, "elapsed_s": 340.788914905861, "complete_eos": 289, "cancelled": 28, "memory": {"cuda_allocated_bytes": 7475288064, "cuda_reserved_bytes": 9026142208, "cuda_peak_allocated_bytes": 9943896576, "cuda_peak_reserved_bytes": 10089398272, "rss_bytes": 4023861248}}
{"concurrency": 1, "wave": 318, "elapsed_s": 341.71506001614034, "complete_eos": 290, "cancelled": 28, "memory": {"cuda_allocated_bytes": 7475681280, "cuda_reserved_bytes": 9026142208, "cuda_peak_allocated_bytes": 9943896576, "cuda_peak_reserved_bytes": 10089398272, "rss_bytes": 4023861248}}
{"concurrency": 1, "wave": 319, "elapsed_s": 341.79117808304727, "complete_eos": 290, "cancelled": 29, "memory": {"cuda_allocated_bytes": 7475288064, "cuda_reserved_bytes": 9026142208, "cuda_peak_allocated_bytes": 9943896576, "cuda_peak_reserved_bytes": 10089398272, "rss_bytes": 4023861248}}
{"concurrency": 1, "wave": 320, "elapsed_s": 343.0824317038059, "complete_eos": 291, "cancelled": 29, "memory": {"cuda_allocated_bytes": 7475681280, "cuda_reserved_bytes": 9026142208, "cuda_peak_allocated_bytes": 9943896576, "cuda_peak_reserved_bytes": 10089398272, "rss_bytes": 4023861248}}
{"concurrency": 1, "wave": 321, "elapsed_s": 344.3359544854611, "complete_eos": 292, "cancelled": 29, "memory": {"cuda_allocated_bytes": 7475288064, "cuda_reserved_bytes": 9026142208, "cuda_peak_allocated_bytes": 9943896576, "cuda_peak_reserved_bytes": 10089398272, "rss_bytes": 4023861248}}
{"concurrency": 1, "wave": 322, "elapsed_s": 345.09715000912547, "complete_eos": 293, "cancelled": 29, "memory": {"cuda_allocated_bytes": 7475681280, "cuda_reserved_bytes": 9026142208, "cuda_peak_allocated_bytes": 9943896576, "cuda_peak_reserved_bytes": 10089398272, "rss_bytes": 4023861248}}
{"concurrency": 1, "wave": 323, "elapsed_s": 346.11819376423955, "complete_eos": 294, "cancelled": 29, "memory": {"cuda_allocated_bytes": 7475288064, "cuda_reserved_bytes": 9026142208, "cuda_peak_allocated_bytes": 9943896576, "cuda_peak_reserved_bytes": 10089398272, "rss_bytes": 4023861248}}
{"concurrency": 1, "wave": 324, "elapsed_s": 347.1378699410707, "complete_eos": 295, "cancelled": 29, "memory": {"cuda_allocated_bytes": 7475681280, "cuda_reserved_bytes": 9026142208, "cuda_peak_allocated_bytes": 9943896576, "cuda_peak_reserved_bytes": 10089398272, "rss_bytes": 4023861248}}
{"concurrency": 1, "wave": 325, "elapsed_s": 348.6151796448976, "complete_eos": 296, "cancelled": 29, "memory": {"cuda_allocated_bytes": 7475288064, "cuda_reserved_bytes": 9026142208, "cuda_peak_allocated_bytes": 9943896576, "cuda_peak_reserved_bytes": 10089398272, "rss_bytes": 4023861248}}
{"concurrency": 1, "wave": 326, "elapsed_s": 350.35029755346477, "complete_eos": 297, "cancelled": 29, "memory": {"cuda_allocated_bytes": 7475681280, "cuda_reserved_bytes": 9026142208, "cuda_peak_allocated_bytes": 9943896576, "cuda_peak_reserved_bytes": 10089398272, "rss_bytes": 4023861248}}
{"concurrency": 1, "wave": 327, "elapsed_s": 352.2205537110567, "complete_eos": 298, "cancelled": 29, "memory": {"cuda_allocated_bytes": 7475288064, "cuda_reserved_bytes": 9026142208, "cuda_peak_allocated_bytes": 9943896576, "cuda_peak_reserved_bytes": 10089398272, "rss_bytes": 4023861248}}
{"concurrency": 1, "wave": 328, "elapsed_s": 353.5625627245754, "complete_eos": 299, "cancelled": 29, "memory": {"cuda_allocated_bytes": 7475681280, "cuda_reserved_bytes": 9026142208, "cuda_peak_allocated_bytes": 9943896576, "cuda_peak_reserved_bytes": 10089398272, "rss_bytes": 4023861248}}
{"concurrency": 1, "wave": 329, "elapsed_s": 355.15570272505283, "complete_eos": 300, "cancelled": 29, "memory": {"cuda_allocated_bytes": 7475288064, "cuda_reserved_bytes": 9026142208, "cuda_peak_allocated_bytes": 9943896576, "cuda_peak_reserved_bytes": 10089398272, "rss_bytes": 4023861248}}
{"concurrency": 1, "wave": 330, "elapsed_s": 355.23563936538994, "complete_eos": 300, "cancelled": 30, "memory": {"cuda_allocated_bytes": 7475681280, "cuda_reserved_bytes": 9026142208, "cuda_peak_allocated_bytes": 9943896576, "cuda_peak_reserved_bytes": 10089398272, "rss_bytes": 4023861248}}
{"concurrency": 1, "wave": 331, "elapsed_s": 356.0378494616598, "complete_eos": 301, "cancelled": 30, "memory": {"cuda_allocated_bytes": 7475288064, "cuda_reserved_bytes": 9026142208, "cuda_peak_allocated_bytes": 9943896576, "cuda_peak_reserved_bytes": 10089398272, "rss_bytes": 4023861248}}
{"concurrency": 1, "wave": 332, "elapsed_s": 357.51824165694416, "complete_eos": 302, "cancelled": 30, "memory": {"cuda_allocated_bytes": 7475681280, "cuda_reserved_bytes": 9026142208, "cuda_peak_allocated_bytes": 9943896576, "cuda_peak_reserved_bytes": 10089398272, "rss_bytes": 4023861248}}
{"concurrency": 1, "wave": 333, "elapsed_s": 359.1341226398945, "complete_eos": 303, "cancelled": 30, "memory": {"cuda_allocated_bytes": 7475288064, "cuda_reserved_bytes": 9026142208, "cuda_peak_allocated_bytes": 9943896576, "cuda_peak_reserved_bytes": 10089398272, "rss_bytes": 4023861248}}
{"concurrency": 1, "wave": 334, "elapsed_s": 360.5192815065384, "complete_eos": 304, "cancelled": 30, "memory": {"cuda_allocated_bytes": 7475681280, "cuda_reserved_bytes": 9026142208, "cuda_peak_allocated_bytes": 9943896576, "cuda_peak_reserved_bytes": 10089398272, "rss_bytes": 4023861248}}
{"concurrency": 1, "wave": 335, "elapsed_s": 361.46433223970234, "complete_eos": 305, "cancelled": 30, "memory": {"cuda_allocated_bytes": 7475288064, "cuda_reserved_bytes": 9026142208, "cuda_peak_allocated_bytes": 9943896576, "cuda_peak_reserved_bytes": 10089398272, "rss_bytes": 4023861248}}
{"concurrency": 1, "wave": 336, "elapsed_s": 363.040333583951, "complete_eos": 306, "cancelled": 30, "memory": {"cuda_allocated_bytes": 7475681280, "cuda_reserved_bytes": 9026142208, "cuda_peak_allocated_bytes": 9943896576, "cuda_peak_reserved_bytes": 10089398272, "rss_bytes": 4023861248}}
{"concurrency": 1, "wave": 337, "elapsed_s": 364.67839534394443, "complete_eos": 307, "cancelled": 30, "memory": {"cuda_allocated_bytes": 7475288064, "cuda_reserved_bytes": 9026142208, "cuda_peak_allocated_bytes": 9943896576, "cuda_peak_reserved_bytes": 10089398272, "rss_bytes": 4023861248}}
{"concurrency": 1, "wave": 338, "elapsed_s": 365.7635434344411, "complete_eos": 308, "cancelled": 30, "memory": {"cuda_allocated_bytes": 7475681280, "cuda_reserved_bytes": 9026142208, "cuda_peak_allocated_bytes": 9943896576, "cuda_peak_reserved_bytes": 10089398272, "rss_bytes": 4023861248}}
{"concurrency": 1, "wave": 339, "elapsed_s": 367.2654194589704, "complete_eos": 309, "cancelled": 30, "memory": {"cuda_allocated_bytes": 7475288064, "cuda_reserved_bytes": 9026142208, "cuda_peak_allocated_bytes": 9943896576, "cuda_peak_reserved_bytes": 10089398272, "rss_bytes": 4023861248}}
{"concurrency": 1, "wave": 340, "elapsed_s": 368.9163585230708, "complete_eos": 310, "cancelled": 30, "memory": {"cuda_allocated_bytes": 7475681280, "cuda_reserved_bytes": 9026142208, "cuda_peak_allocated_bytes": 9943896576, "cuda_peak_reserved_bytes": 10089398272, "rss_bytes": 4023922688}}
{"concurrency": 1, "wave": 341, "elapsed_s": 368.9953063391149, "complete_eos": 310, "cancelled": 31, "memory": {"cuda_allocated_bytes": 7475288064, "cuda_reserved_bytes": 9026142208, "cuda_peak_allocated_bytes": 9943896576, "cuda_peak_reserved_bytes": 10089398272, "rss_bytes": 4023922688}}
{"concurrency": 1, "wave": 342, "elapsed_s": 370.1495598908514, "complete_eos": 311, "cancelled": 31, "memory": {"cuda_allocated_bytes": 7475681280, "cuda_reserved_bytes": 9026142208, "cuda_peak_allocated_bytes": 9943896576, "cuda_peak_reserved_bytes": 10089398272, "rss_bytes": 4023922688}}
{"concurrency": 1, "wave": 343, "elapsed_s": 371.58132691681385, "complete_eos": 312, "cancelled": 31, "memory": {"cuda_allocated_bytes": 7475288064, "cuda_reserved_bytes": 9026142208, "cuda_peak_allocated_bytes": 9943896576, "cuda_peak_reserved_bytes": 10089398272, "rss_bytes": 4023922688}}
{"concurrency": 1, "wave": 344, "elapsed_s": 373.5304893441498, "complete_eos": 313, "cancelled": 31, "memory": {"cuda_allocated_bytes": 7475681280, "cuda_reserved_bytes": 9026142208, "cuda_peak_allocated_bytes": 9943896576, "cuda_peak_reserved_bytes": 10089398272, "rss_bytes": 4024131584}}
{"concurrency": 1, "wave": 345, "elapsed_s": 374.3295982312411, "complete_eos": 314, "cancelled": 31, "memory": {"cuda_allocated_bytes": 7475288064, "cuda_reserved_bytes": 9026142208, "cuda_peak_allocated_bytes": 9943896576, "cuda_peak_reserved_bytes": 10089398272, "rss_bytes": 4024131584}}
{"concurrency": 1, "wave": 346, "elapsed_s": 375.70649863779545, "complete_eos": 315, "cancelled": 31, "memory": {"cuda_allocated_bytes": 7475681280, "cuda_reserved_bytes": 9026142208, "cuda_peak_allocated_bytes": 9943896576, "cuda_peak_reserved_bytes": 10089398272, "rss_bytes": 4024131584}}
{"concurrency": 1, "wave": 347, "elapsed_s": 377.0011010877788, "complete_eos": 316, "cancelled": 31, "memory": {"cuda_allocated_bytes": 7475288064, "cuda_reserved_bytes": 9026142208, "cuda_peak_allocated_bytes": 9943896576, "cuda_peak_reserved_bytes": 10089398272, "rss_bytes": 4024131584}}
{"concurrency": 1, "wave": 348, "elapsed_s": 378.3492697644979, "complete_eos": 317, "cancelled": 31, "memory": {"cuda_allocated_bytes": 7475681280, "cuda_reserved_bytes": 9026142208, "cuda_peak_allocated_bytes": 9943896576, "cuda_peak_reserved_bytes": 10089398272, "rss_bytes": 4024143872}}
{"concurrency": 1, "wave": 349, "elapsed_s": 379.4072560351342, "complete_eos": 318, "cancelled": 31, "memory": {"cuda_allocated_bytes": 7475288064, "cuda_reserved_bytes": 9026142208, "cuda_peak_allocated_bytes": 9943896576, "cuda_peak_reserved_bytes": 10089398272, "rss_bytes": 4024246272}}
{"concurrency": 1, "wave": 350, "elapsed_s": 380.0963604096323, "complete_eos": 319, "cancelled": 31, "memory": {"cuda_allocated_bytes": 7475681280, "cuda_reserved_bytes": 9026142208, "cuda_peak_allocated_bytes": 9943896576, "cuda_peak_reserved_bytes": 10089398272, "rss_bytes": 4024246272}}
{"concurrency": 1, "wave": 351, "elapsed_s": 381.8425070941448, "complete_eos": 320, "cancelled": 31, "memory": {"cuda_allocated_bytes": 7475288064, "cuda_reserved_bytes": 9026142208, "cuda_peak_allocated_bytes": 9943896576, "cuda_peak_reserved_bytes": 10089398272, "rss_bytes": 4024246272}}
{"concurrency": 1, "wave": 352, "elapsed_s": 381.9245103634894, "complete_eos": 320, "cancelled": 32, "memory": {"cuda_allocated_bytes": 7475681280, "cuda_reserved_bytes": 9026142208, "cuda_peak_allocated_bytes": 9943896576, "cuda_peak_reserved_bytes": 10089398272, "rss_bytes": 4024246272}}
{"concurrency": 1, "wave": 353, "elapsed_s": 383.16322046890855, "complete_eos": 321, "cancelled": 32, "memory": {"cuda_allocated_bytes": 7475288064, "cuda_reserved_bytes": 9026142208, "cuda_peak_allocated_bytes": 9943896576, "cuda_peak_reserved_bytes": 10089398272, "rss_bytes": 4024246272}}
{"concurrency": 1, "wave": 354, "elapsed_s": 384.1358555816114, "complete_eos": 322, "cancelled": 32, "memory": {"cuda_allocated_bytes": 7475681280, "cuda_reserved_bytes": 9026142208, "cuda_peak_allocated_bytes": 9943896576, "cuda_peak_reserved_bytes": 10089398272, "rss_bytes": 4024246272}}
{"concurrency": 1, "wave": 355, "elapsed_s": 385.0875559244305, "complete_eos": 323, "cancelled": 32, "memory": {"cuda_allocated_bytes": 7475288064, "cuda_reserved_bytes": 9026142208, "cuda_peak_allocated_bytes": 9943896576, "cuda_peak_reserved_bytes": 10089398272, "rss_bytes": 4024246272}}
{"concurrency": 1, "wave": 356, "elapsed_s": 386.99983304739, "complete_eos": 324, "cancelled": 32, "memory": {"cuda_allocated_bytes": 7475681280, "cuda_reserved_bytes": 9026142208, "cuda_peak_allocated_bytes": 9943896576, "cuda_peak_reserved_bytes": 10089398272, "rss_bytes": 4024516608}}
{"concurrency": 1, "wave": 357, "elapsed_s": 387.9277099426836, "complete_eos": 325, "cancelled": 32, "memory": {"cuda_allocated_bytes": 7475288064, "cuda_reserved_bytes": 9026142208, "cuda_peak_allocated_bytes": 9943896576, "cuda_peak_reserved_bytes": 10089398272, "rss_bytes": 4024516608}}
{"concurrency": 1, "wave": 358, "elapsed_s": 389.5253306441009, "complete_eos": 326, "cancelled": 32, "memory": {"cuda_allocated_bytes": 7475681280, "cuda_reserved_bytes": 9026142208, "cuda_peak_allocated_bytes": 9943896576, "cuda_peak_reserved_bytes": 10089398272, "rss_bytes": 4024590336}}
{"concurrency": 1, "wave": 359, "elapsed_s": 390.4989203605801, "complete_eos": 327, "cancelled": 32, "memory": {"cuda_allocated_bytes": 7475288064, "cuda_reserved_bytes": 9026142208, "cuda_peak_allocated_bytes": 9943896576, "cuda_peak_reserved_bytes": 10089398272, "rss_bytes": 4024700928}}
{"concurrency": 1, "wave": 360, "elapsed_s": 392.0064964517951, "complete_eos": 328, "cancelled": 32, "memory": {"cuda_allocated_bytes": 7475681280, "cuda_reserved_bytes": 9026142208, "cuda_peak_allocated_bytes": 9943896576, "cuda_peak_reserved_bytes": 10089398272, "rss_bytes": 4024700928}}
{"concurrency": 1, "wave": 361, "elapsed_s": 393.78044487163424, "complete_eos": 329, "cancelled": 32, "memory": {"cuda_allocated_bytes": 7475288064, "cuda_reserved_bytes": 9026142208, "cuda_peak_allocated_bytes": 9943896576, "cuda_peak_reserved_bytes": 10089398272, "rss_bytes": 4024700928}}
{"concurrency": 1, "wave": 362, "elapsed_s": 395.0490453466773, "complete_eos": 330, "cancelled": 32, "memory": {"cuda_allocated_bytes": 7475681280, "cuda_reserved_bytes": 9026142208, "cuda_peak_allocated_bytes": 9943896576, "cuda_peak_reserved_bytes": 10089398272, "rss_bytes": 4024700928}}
{"concurrency": 1, "wave": 363, "elapsed_s": 395.1312453318387, "complete_eos": 330, "cancelled": 33, "memory": {"cuda_allocated_bytes": 7475288064, "cuda_reserved_bytes": 9026142208, "cuda_peak_allocated_bytes": 9943896576, "cuda_peak_reserved_bytes": 10089398272, "rss_bytes": 4024700928}}
{"concurrency": 1, "wave": 364, "elapsed_s": 396.26539412513375, "complete_eos": 331, "cancelled": 33, "memory": {"cuda_allocated_bytes": 7475681280, "cuda_reserved_bytes": 9026142208, "cuda_peak_allocated_bytes": 9943896576, "cuda_peak_reserved_bytes": 10089398272, "rss_bytes": 4024700928}}
{"concurrency": 1, "wave": 365, "elapsed_s": 397.60381802357733, "complete_eos": 332, "cancelled": 33, "memory": {"cuda_allocated_bytes": 7475288064, "cuda_reserved_bytes": 9026142208, "cuda_peak_allocated_bytes": 9943896576, "cuda_peak_reserved_bytes": 10089398272, "rss_bytes": 4024700928}}
{"concurrency": 1, "wave": 366, "elapsed_s": 398.7445228025317, "complete_eos": 333, "cancelled": 33, "memory": {"cuda_allocated_bytes": 7475681280, "cuda_reserved_bytes": 9026142208, "cuda_peak_allocated_bytes": 9943896576, "cuda_peak_reserved_bytes": 10089398272, "rss_bytes": 4024700928}}
{"concurrency": 1, "wave": 367, "elapsed_s": 399.70332996174693, "complete_eos": 334, "cancelled": 33, "memory": {"cuda_allocated_bytes": 7475288064, "cuda_reserved_bytes": 9026142208, "cuda_peak_allocated_bytes": 9943896576, "cuda_peak_reserved_bytes": 10089398272, "rss_bytes": 4024700928}}
{"concurrency": 1, "wave": 368, "elapsed_s": 401.15524217300117, "complete_eos": 335, "cancelled": 33, "memory": {"cuda_allocated_bytes": 7475681280, "cuda_reserved_bytes": 9026142208, "cuda_peak_allocated_bytes": 9943896576, "cuda_peak_reserved_bytes": 10089398272, "rss_bytes": 4024700928}}
{"concurrency": 1, "wave": 369, "elapsed_s": 402.02615871466696, "complete_eos": 336, "cancelled": 33, "memory": {"cuda_allocated_bytes": 7475288064, "cuda_reserved_bytes": 9026142208, "cuda_peak_allocated_bytes": 9943896576, "cuda_peak_reserved_bytes": 10089398272, "rss_bytes": 4024700928}}
{"concurrency": 1, "wave": 370, "elapsed_s": 403.2103967536241, "complete_eos": 337, "cancelled": 33, "memory": {"cuda_allocated_bytes": 7475681280, "cuda_reserved_bytes": 9026142208, "cuda_peak_allocated_bytes": 9943896576, "cuda_peak_reserved_bytes": 10089398272, "rss_bytes": 4024700928}}
{"concurrency": 1, "wave": 371, "elapsed_s": 403.9350823927671, "complete_eos": 338, "cancelled": 33, "memory": {"cuda_allocated_bytes": 7475288064, "cuda_reserved_bytes": 9026142208, "cuda_peak_allocated_bytes": 9943896576, "cuda_peak_reserved_bytes": 10089398272, "rss_bytes": 4024700928}}
{"concurrency": 1, "wave": 372, "elapsed_s": 405.2810265403241, "complete_eos": 339, "cancelled": 33, "memory": {"cuda_allocated_bytes": 7475681280, "cuda_reserved_bytes": 9026142208, "cuda_peak_allocated_bytes": 9943896576, "cuda_peak_reserved_bytes": 10089398272, "rss_bytes": 4024705024}}
{"concurrency": 1, "wave": 373, "elapsed_s": 406.1386041715741, "complete_eos": 340, "cancelled": 33, "memory": {"cuda_allocated_bytes": 7475288064, "cuda_reserved_bytes": 9026142208, "cuda_peak_allocated_bytes": 9943896576, "cuda_peak_reserved_bytes": 10089398272, "rss_bytes": 4024705024}}
{"concurrency": 1, "wave": 374, "elapsed_s": 406.22077281214297, "complete_eos": 340, "cancelled": 34, "memory": {"cuda_allocated_bytes": 7475681280, "cuda_reserved_bytes": 9026142208, "cuda_peak_allocated_bytes": 9943896576, "cuda_peak_reserved_bytes": 10089398272, "rss_bytes": 4024705024}}
{"concurrency": 1, "wave": 375, "elapsed_s": 408.0041562207043, "complete_eos": 341, "cancelled": 34, "memory": {"cuda_allocated_bytes": 7475288064, "cuda_reserved_bytes": 9026142208, "cuda_peak_allocated_bytes": 9943896576, "cuda_peak_reserved_bytes": 10089398272, "rss_bytes": 4024774656}}
{"concurrency": 1, "wave": 376, "elapsed_s": 409.04128032922745, "complete_eos": 342, "cancelled": 34, "memory": {"cuda_allocated_bytes": 7475681280, "cuda_reserved_bytes": 9026142208, "cuda_peak_allocated_bytes": 9943896576, "cuda_peak_reserved_bytes": 10089398272, "rss_bytes": 4024938496}}
{"concurrency": 1, "wave": 377, "elapsed_s": 410.0503197237849, "complete_eos": 343, "cancelled": 34, "memory": {"cuda_allocated_bytes": 7475288064, "cuda_reserved_bytes": 9026142208, "cuda_peak_allocated_bytes": 9943896576, "cuda_peak_reserved_bytes": 10089398272, "rss_bytes": 4024938496}}
{"concurrency": 1, "wave": 378, "elapsed_s": 411.89117027819157, "complete_eos": 344, "cancelled": 34, "memory": {"cuda_allocated_bytes": 7475681280, "cuda_reserved_bytes": 9026142208, "cuda_peak_allocated_bytes": 9943896576, "cuda_peak_reserved_bytes": 10089398272, "rss_bytes": 4024950784}}
{"concurrency": 1, "wave": 379, "elapsed_s": 413.7585902940482, "complete_eos": 345, "cancelled": 34, "memory": {"cuda_allocated_bytes": 7475288064, "cuda_reserved_bytes": 9026142208, "cuda_peak_allocated_bytes": 9943896576, "cuda_peak_reserved_bytes": 10089398272, "rss_bytes": 4024950784}}
{"concurrency": 1, "wave": 380, "elapsed_s": 415.01595207862556, "complete_eos": 346, "cancelled": 34, "memory": {"cuda_allocated_bytes": 7475681280, "cuda_reserved_bytes": 9026142208, "cuda_peak_allocated_bytes": 9943896576, "cuda_peak_reserved_bytes": 10089398272, "rss_bytes": 4024950784}}
{"concurrency": 1, "wave": 381, "elapsed_s": 416.28752170316875, "complete_eos": 347, "cancelled": 34, "memory": {"cuda_allocated_bytes": 7475288064, "cuda_reserved_bytes": 9026142208, "cuda_peak_allocated_bytes": 9943896576, "cuda_peak_reserved_bytes": 10089398272, "rss_bytes": 4024950784}}
{"concurrency": 1, "wave": 382, "elapsed_s": 417.33642308972776, "complete_eos": 348, "cancelled": 34, "memory": {"cuda_allocated_bytes": 7475681280, "cuda_reserved_bytes": 9026142208, "cuda_peak_allocated_bytes": 9943896576, "cuda_peak_reserved_bytes": 10089398272, "rss_bytes": 4024950784}}
{"concurrency": 1, "wave": 383, "elapsed_s": 418.4301312491298, "complete_eos": 349, "cancelled": 34, "memory": {"cuda_allocated_bytes": 7475288064, "cuda_reserved_bytes": 9026142208, "cuda_peak_allocated_bytes": 9943896576, "cuda_peak_reserved_bytes": 10089398272, "rss_bytes": 4024950784}}
{"concurrency": 1, "wave": 384, "elapsed_s": 420.4110684208572, "complete_eos": 350, "cancelled": 34, "memory": {"cuda_allocated_bytes": 7475681280, "cuda_reserved_bytes": 9026142208, "cuda_peak_allocated_bytes": 9943896576, "cuda_peak_reserved_bytes": 10089398272, "rss_bytes": 4024950784}}
{"concurrency": 1, "wave": 385, "elapsed_s": 420.50017469376326, "complete_eos": 350, "cancelled": 35, "memory": {"cuda_allocated_bytes": 7475288064, "cuda_reserved_bytes": 9026142208, "cuda_peak_allocated_bytes": 9943896576, "cuda_peak_reserved_bytes": 10089398272, "rss_bytes": 4024950784}}
{"concurrency": 1, "wave": 386, "elapsed_s": 421.98749869689345, "complete_eos": 351, "cancelled": 35, "memory": {"cuda_allocated_bytes": 7475681280, "cuda_reserved_bytes": 9026142208, "cuda_peak_allocated_bytes": 9943896576, "cuda_peak_reserved_bytes": 10089398272, "rss_bytes": 4024950784}}
{"concurrency": 1, "wave": 387, "elapsed_s": 423.40672747418284, "complete_eos": 352, "cancelled": 35, "memory": {"cuda_allocated_bytes": 7475288064, "cuda_reserved_bytes": 9026142208, "cuda_peak_allocated_bytes": 9943896576, "cuda_peak_reserved_bytes": 10089398272, "rss_bytes": 4024950784}}
{"concurrency": 1, "wave": 388, "elapsed_s": 424.88943224959075, "complete_eos": 353, "cancelled": 35, "memory": {"cuda_allocated_bytes": 7475681280, "cuda_reserved_bytes": 9026142208, "cuda_peak_allocated_bytes": 9943896576, "cuda_peak_reserved_bytes": 10089398272, "rss_bytes": 4024950784}}
{"concurrency": 1, "wave": 389, "elapsed_s": 425.8232698831707, "complete_eos": 354, "cancelled": 35, "memory": {"cuda_allocated_bytes": 7475288064, "cuda_reserved_bytes": 9026142208, "cuda_peak_allocated_bytes": 9943896576, "cuda_peak_reserved_bytes": 10089398272, "rss_bytes": 4024950784}}
{"concurrency": 1, "wave": 390, "elapsed_s": 427.1280941814184, "complete_eos": 355, "cancelled": 35, "memory": {"cuda_allocated_bytes": 7475681280, "cuda_reserved_bytes": 9026142208, "cuda_peak_allocated_bytes": 9943896576, "cuda_peak_reserved_bytes": 10089398272, "rss_bytes": 4024950784}}
{"concurrency": 1, "wave": 391, "elapsed_s": 428.2381197605282, "complete_eos": 356, "cancelled": 35, "memory": {"cuda_allocated_bytes": 7475288064, "cuda_reserved_bytes": 9026142208, "cuda_peak_allocated_bytes": 9943896576, "cuda_peak_reserved_bytes": 10089398272, "rss_bytes": 4024950784}}
{"concurrency": 1, "wave": 392, "elapsed_s": 429.1888865251094, "complete_eos": 357, "cancelled": 35, "memory": {"cuda_allocated_bytes": 7475681280, "cuda_reserved_bytes": 9026142208, "cuda_peak_allocated_bytes": 9943896576, "cuda_peak_reserved_bytes": 10089398272, "rss_bytes": 4024950784}}
{"concurrency": 1, "wave": 393, "elapsed_s": 430.2095744498074, "complete_eos": 358, "cancelled": 35, "memory": {"cuda_allocated_bytes": 7475288064, "cuda_reserved_bytes": 9026142208, "cuda_peak_allocated_bytes": 9943896576, "cuda_peak_reserved_bytes": 10089398272, "rss_bytes": 4024950784}}
{"concurrency": 1, "wave": 394, "elapsed_s": 430.8328406140208, "complete_eos": 359, "cancelled": 35, "memory": {"cuda_allocated_bytes": 7475681280, "cuda_reserved_bytes": 9026142208, "cuda_peak_allocated_bytes": 9943896576, "cuda_peak_reserved_bytes": 10089398272, "rss_bytes": 4024950784}}
{"concurrency": 1, "wave": 395, "elapsed_s": 432.1734674014151, "complete_eos": 360, "cancelled": 35, "memory": {"cuda_allocated_bytes": 7475288064, "cuda_reserved_bytes": 9026142208, "cuda_peak_allocated_bytes": 9943896576, "cuda_peak_reserved_bytes": 10089398272, "rss_bytes": 4025397248}}
{"concurrency": 1, "wave": 396, "elapsed_s": 432.26024545915425, "complete_eos": 360, "cancelled": 36, "memory": {"cuda_allocated_bytes": 7475681280, "cuda_reserved_bytes": 9026142208, "cuda_peak_allocated_bytes": 9943896576, "cuda_peak_reserved_bytes": 10089398272, "rss_bytes": 4025397248}}
{"concurrency": 1, "wave": 397, "elapsed_s": 433.48744707368314, "complete_eos": 361, "cancelled": 36, "memory": {"cuda_allocated_bytes": 7475288064, "cuda_reserved_bytes": 9026142208, "cuda_peak_allocated_bytes": 9943896576, "cuda_peak_reserved_bytes": 10089398272, "rss_bytes": 4025397248}}
{"concurrency": 1, "wave": 398, "elapsed_s": 434.41203429177403, "complete_eos": 362, "cancelled": 36, "memory": {"cuda_allocated_bytes": 7475681280, "cuda_reserved_bytes": 9026142208, "cuda_peak_allocated_bytes": 9943896576, "cuda_peak_reserved_bytes": 10089398272, "rss_bytes": 4025671680}}
{"concurrency": 1, "wave": 399, "elapsed_s": 436.13412214815617, "complete_eos": 363, "cancelled": 36, "memory": {"cuda_allocated_bytes": 7475288064, "cuda_reserved_bytes": 9026142208, "cuda_peak_allocated_bytes": 9943896576, "cuda_peak_reserved_bytes": 10089398272, "rss_bytes": 4025884672}}
{"concurrency": 1, "wave": 400, "elapsed_s": 437.63621014356613, "complete_eos": 364, "cancelled": 36, "memory": {"cuda_allocated_bytes": 7475681280, "cuda_reserved_bytes": 9026142208, "cuda_peak_allocated_bytes": 9943896576, "cuda_peak_reserved_bytes": 10089398272, "rss_bytes": 4025884672}}
{"concurrency": 1, "wave": 401, "elapsed_s": 438.8992428537458, "complete_eos": 365, "cancelled": 36, "memory": {"cuda_allocated_bytes": 7475288064, "cuda_reserved_bytes": 9026142208, "cuda_peak_allocated_bytes": 9943896576, "cuda_peak_reserved_bytes": 10089398272, "rss_bytes": 4025884672}}
{"concurrency": 1, "wave": 402, "elapsed_s": 439.911738473922, "complete_eos": 366, "cancelled": 36, "memory": {"cuda_allocated_bytes": 7475681280, "cuda_reserved_bytes": 9026142208, "cuda_peak_allocated_bytes": 9943896576, "cuda_peak_reserved_bytes": 10089398272, "rss_bytes": 4025884672}}
{"concurrency": 1, "wave": 403, "elapsed_s": 441.54619610123336, "complete_eos": 367, "cancelled": 36, "memory": {"cuda_allocated_bytes": 7475288064, "cuda_reserved_bytes": 9026142208, "cuda_peak_allocated_bytes": 9943896576, "cuda_peak_reserved_bytes": 10089398272, "rss_bytes": 4025884672}}
{"concurrency": 1, "wave": 404, "elapsed_s": 442.7955466415733, "complete_eos": 368, "cancelled": 36, "memory": {"cuda_allocated_bytes": 7475681280, "cuda_reserved_bytes": 9026142208, "cuda_peak_allocated_bytes": 9943896576, "cuda_peak_reserved_bytes": 10089398272, "rss_bytes": 4025884672}}
{"concurrency": 1, "wave": 405, "elapsed_s": 444.2814350128174, "complete_eos": 369, "cancelled": 36, "memory": {"cuda_allocated_bytes": 7475288064, "cuda_reserved_bytes": 9026142208, "cuda_peak_allocated_bytes": 9943896576, "cuda_peak_reserved_bytes": 10089398272, "rss_bytes": 4025884672}}
{"concurrency": 1, "wave": 406, "elapsed_s": 445.49403535574675, "complete_eos": 370, "cancelled": 36, "memory": {"cuda_allocated_bytes": 7475681280, "cuda_reserved_bytes": 9026142208, "cuda_peak_allocated_bytes": 9943896576, "cuda_peak_reserved_bytes": 10089398272, "rss_bytes": 4025884672}}
{"concurrency": 1, "wave": 407, "elapsed_s": 445.5851075556129, "complete_eos": 370, "cancelled": 37, "memory": {"cuda_allocated_bytes": 7475288064, "cuda_reserved_bytes": 9026142208, "cuda_peak_allocated_bytes": 9943896576, "cuda_peak_reserved_bytes": 10089398272, "rss_bytes": 4025884672}}
{"concurrency": 1, "wave": 408, "elapsed_s": 447.0631064809859, "complete_eos": 371, "cancelled": 37, "memory": {"cuda_allocated_bytes": 7475681280, "cuda_reserved_bytes": 9026142208, "cuda_peak_allocated_bytes": 9943896576, "cuda_peak_reserved_bytes": 10089398272, "rss_bytes": 4025884672}}
{"concurrency": 1, "wave": 409, "elapsed_s": 448.7178723271936, "complete_eos": 372, "cancelled": 37, "memory": {"cuda_allocated_bytes": 7475288064, "cuda_reserved_bytes": 9026142208, "cuda_peak_allocated_bytes": 9943896576, "cuda_peak_reserved_bytes": 10089398272, "rss_bytes": 4026253312}}
{"concurrency": 1, "wave": 410, "elapsed_s": 450.0429116617888, "complete_eos": 373, "cancelled": 37, "memory": {"cuda_allocated_bytes": 7475681280, "cuda_reserved_bytes": 9026142208, "cuda_peak_allocated_bytes": 9943896576, "cuda_peak_reserved_bytes": 10089398272, "rss_bytes": 4026253312}}
{"concurrency": 1, "wave": 411, "elapsed_s": 451.35888744704425, "complete_eos": 374, "cancelled": 37, "memory": {"cuda_allocated_bytes": 7475288064, "cuda_reserved_bytes": 9026142208, "cuda_peak_allocated_bytes": 9943896576, "cuda_peak_reserved_bytes": 10089398272, "rss_bytes": 4026253312}}
{"concurrency": 1, "wave": 412, "elapsed_s": 452.563934026286, "complete_eos": 375, "cancelled": 37, "memory": {"cuda_allocated_bytes": 7475681280, "cuda_reserved_bytes": 9026142208, "cuda_peak_allocated_bytes": 9943896576, "cuda_peak_reserved_bytes": 10089398272, "rss_bytes": 4026253312}}
{"concurrency": 1, "wave": 413, "elapsed_s": 453.64410295523703, "complete_eos": 376, "cancelled": 37, "memory": {"cuda_allocated_bytes": 7475288064, "cuda_reserved_bytes": 9026142208, "cuda_peak_allocated_bytes": 9943896576, "cuda_peak_reserved_bytes": 10089398272, "rss_bytes": 4026335232}}
{"concurrency": 1, "wave": 414, "elapsed_s": 455.1388497054577, "complete_eos": 377, "cancelled": 37, "memory": {"cuda_allocated_bytes": 7475681280, "cuda_reserved_bytes": 9026142208, "cuda_peak_allocated_bytes": 9943896576, "cuda_peak_reserved_bytes": 10089398272, "rss_bytes": 4026335232}}
{"concurrency": 1, "wave": 415, "elapsed_s": 456.53635235503316, "complete_eos": 378, "cancelled": 37, "memory": {"cuda_allocated_bytes": 7475288064, "cuda_reserved_bytes": 9026142208, "cuda_peak_allocated_bytes": 9943896576, "cuda_peak_reserved_bytes": 10089398272, "rss_bytes": 4026335232}}
{"concurrency": 1, "wave": 416, "elapsed_s": 457.5831509437412, "complete_eos": 379, "cancelled": 37, "memory": {"cuda_allocated_bytes": 7475681280, "cuda_reserved_bytes": 9026142208, "cuda_peak_allocated_bytes": 9943896576, "cuda_peak_reserved_bytes": 10089398272, "rss_bytes": 4026335232}}
{"concurrency": 1, "wave": 417, "elapsed_s": 459.5154233481735, "complete_eos": 380, "cancelled": 37, "memory": {"cuda_allocated_bytes": 7475288064, "cuda_reserved_bytes": 9026142208, "cuda_peak_allocated_bytes": 9943896576, "cuda_peak_reserved_bytes": 10089398272, "rss_bytes": 4026339328}}
{"concurrency": 1, "wave": 418, "elapsed_s": 459.60253851115704, "complete_eos": 380, "cancelled": 38, "memory": {"cuda_allocated_bytes": 7475681280, "cuda_reserved_bytes": 9026142208, "cuda_peak_allocated_bytes": 9943896576, "cuda_peak_reserved_bytes": 10089398272, "rss_bytes": 4026339328}}
{"concurrency": 1, "wave": 419, "elapsed_s": 460.4917602427304, "complete_eos": 381, "cancelled": 38, "memory": {"cuda_allocated_bytes": 7475288064, "cuda_reserved_bytes": 9026142208, "cuda_peak_allocated_bytes": 9943896576, "cuda_peak_reserved_bytes": 10089398272, "rss_bytes": 4026339328}}
{"concurrency": 1, "wave": 420, "elapsed_s": 461.9299074448645, "complete_eos": 382, "cancelled": 38, "memory": {"cuda_allocated_bytes": 7475681280, "cuda_reserved_bytes": 9026142208, "cuda_peak_allocated_bytes": 9943896576, "cuda_peak_reserved_bytes": 10089398272, "rss_bytes": 4026339328}}
{"concurrency": 1, "wave": 421, "elapsed_s": 463.5616026427597, "complete_eos": 383, "cancelled": 38, "memory": {"cuda_allocated_bytes": 7475288064, "cuda_reserved_bytes": 9026142208, "cuda_peak_allocated_bytes": 9943896576, "cuda_peak_reserved_bytes": 10089398272, "rss_bytes": 4026339328}}
{"concurrency": 1, "wave": 422, "elapsed_s": 464.89168878644705, "complete_eos": 384, "cancelled": 38, "memory": {"cuda_allocated_bytes": 7475681280, "cuda_reserved_bytes": 9026142208, "cuda_peak_allocated_bytes": 9943896576, "cuda_peak_reserved_bytes": 10089398272, "rss_bytes": 4026339328}}
{"concurrency": 1, "wave": 423, "elapsed_s": 466.15017710998654, "complete_eos": 385, "cancelled": 38, "memory": {"cuda_allocated_bytes": 7475288064, "cuda_reserved_bytes": 9026142208, "cuda_peak_allocated_bytes": 9943896576, "cuda_peak_reserved_bytes": 10089398272, "rss_bytes": 4026339328}}
{"concurrency": 1, "wave": 424, "elapsed_s": 467.2441946044564, "complete_eos": 386, "cancelled": 38, "memory": {"cuda_allocated_bytes": 7475681280, "cuda_reserved_bytes": 9026142208, "cuda_peak_allocated_bytes": 9943896576, "cuda_peak_reserved_bytes": 10089398272, "rss_bytes": 4026339328}}
{"concurrency": 1, "wave": 425, "elapsed_s": 468.48231229558587, "complete_eos": 387, "cancelled": 38, "memory": {"cuda_allocated_bytes": 7475288064, "cuda_reserved_bytes": 9026142208, "cuda_peak_allocated_bytes": 9943896576, "cuda_peak_reserved_bytes": 10089398272, "rss_bytes": 4026408960}}
{"concurrency": 1, "wave": 426, "elapsed_s": 469.8363799341023, "complete_eos": 388, "cancelled": 38, "memory": {"cuda_allocated_bytes": 7475681280, "cuda_reserved_bytes": 9026142208, "cuda_peak_allocated_bytes": 9943896576, "cuda_peak_reserved_bytes": 10089398272, "rss_bytes": 4026408960}}
{"concurrency": 1, "wave": 427, "elapsed_s": 471.05105534382164, "complete_eos": 389, "cancelled": 38, "memory": {"cuda_allocated_bytes": 7475288064, "cuda_reserved_bytes": 9026142208, "cuda_peak_allocated_bytes": 9943896576, "cuda_peak_reserved_bytes": 10089398272, "rss_bytes": 4026654720}}
{"concurrency": 1, "wave": 428, "elapsed_s": 472.3032158873975, "complete_eos": 390, "cancelled": 38, "memory": {"cuda_allocated_bytes": 7475681280, "cuda_reserved_bytes": 9026142208, "cuda_peak_allocated_bytes": 9943896576, "cuda_peak_reserved_bytes": 10089398272, "rss_bytes": 4026654720}}
{"concurrency": 1, "wave": 429, "elapsed_s": 472.3665006160736, "complete_eos": 390, "cancelled": 39, "memory": {"cuda_allocated_bytes": 7475288064, "cuda_reserved_bytes": 9026142208, "cuda_peak_allocated_bytes": 9943896576, "cuda_peak_reserved_bytes": 10089398272, "rss_bytes": 4026654720}}
{"concurrency": 1, "wave": 430, "elapsed_s": 473.1215512007475, "complete_eos": 391, "cancelled": 39, "memory": {"cuda_allocated_bytes": 7475681280, "cuda_reserved_bytes": 9026142208, "cuda_peak_allocated_bytes": 9943896576, "cuda_peak_reserved_bytes": 10089398272, "rss_bytes": 4026654720}}
{"concurrency": 1, "wave": 431, "elapsed_s": 474.03892476670444, "complete_eos": 392, "cancelled": 39, "memory": {"cuda_allocated_bytes": 7475288064, "cuda_reserved_bytes": 9026142208, "cuda_peak_allocated_bytes": 9943896576, "cuda_peak_reserved_bytes": 10089398272, "rss_bytes": 4026654720}}
{"concurrency": 1, "wave": 432, "elapsed_s": 475.4008038714528, "complete_eos": 393, "cancelled": 39, "memory": {"cuda_allocated_bytes": 7475681280, "cuda_reserved_bytes": 9026142208, "cuda_peak_allocated_bytes": 9943896576, "cuda_peak_reserved_bytes": 10089398272, "rss_bytes": 4026654720}}
{"concurrency": 1, "wave": 433, "elapsed_s": 476.62370338849723, "complete_eos": 394, "cancelled": 39, "memory": {"cuda_allocated_bytes": 7475288064, "cuda_reserved_bytes": 9026142208, "cuda_peak_allocated_bytes": 9943896576, "cuda_peak_reserved_bytes": 10089398272, "rss_bytes": 4026654720}}
{"concurrency": 1, "wave": 434, "elapsed_s": 478.47184184379876, "complete_eos": 395, "cancelled": 39, "memory": {"cuda_allocated_bytes": 7475681280, "cuda_reserved_bytes": 9026142208, "cuda_peak_allocated_bytes": 9943896576, "cuda_peak_reserved_bytes": 10089398272, "rss_bytes": 4026654720}}
{"concurrency": 1, "wave": 435, "elapsed_s": 479.70077927969396, "complete_eos": 396, "cancelled": 39, "memory": {"cuda_allocated_bytes": 7475288064, "cuda_reserved_bytes": 9026142208, "cuda_peak_allocated_bytes": 9943896576, "cuda_peak_reserved_bytes": 10089398272, "rss_bytes": 4026654720}}
{"concurrency": 1, "wave": 436, "elapsed_s": 480.77435413375497, "complete_eos": 397, "cancelled": 39, "memory": {"cuda_allocated_bytes": 7475681280, "cuda_reserved_bytes": 9026142208, "cuda_peak_allocated_bytes": 9943896576, "cuda_peak_reserved_bytes": 10089398272, "rss_bytes": 4026658816}}
{"concurrency": 1, "wave": 437, "elapsed_s": 482.7614946309477, "complete_eos": 398, "cancelled": 39, "memory": {"cuda_allocated_bytes": 7475288064, "cuda_reserved_bytes": 9026142208, "cuda_peak_allocated_bytes": 9943896576, "cuda_peak_reserved_bytes": 10089398272, "rss_bytes": 4026908672}}
{"concurrency": 1, "wave": 438, "elapsed_s": 484.0670161191374, "complete_eos": 399, "cancelled": 39, "memory": {"cuda_allocated_bytes": 7475681280, "cuda_reserved_bytes": 9026142208, "cuda_peak_allocated_bytes": 9943896576, "cuda_peak_reserved_bytes": 10089398272, "rss_bytes": 4027265024}}
{"concurrency": 1, "wave": 439, "elapsed_s": 485.2980516143143, "complete_eos": 400, "cancelled": 39, "memory": {"cuda_allocated_bytes": 7475288064, "cuda_reserved_bytes": 9026142208, "cuda_peak_allocated_bytes": 9943896576, "cuda_peak_reserved_bytes": 10089398272, "rss_bytes": 4027265024}}
{"concurrency": 1, "wave": 440, "elapsed_s": 485.3985570911318, "complete_eos": 400, "cancelled": 40, "memory": {"cuda_allocated_bytes": 7475681280, "cuda_reserved_bytes": 9026142208, "cuda_peak_allocated_bytes": 9943896576, "cuda_peak_reserved_bytes": 10089398272, "rss_bytes": 4027265024}}
{"concurrency": 1, "wave": 441, "elapsed_s": 486.57379835657775, "complete_eos": 401, "cancelled": 40, "memory": {"cuda_allocated_bytes": 7475288064, "cuda_reserved_bytes": 9026142208, "cuda_peak_allocated_bytes": 9943896576, "cuda_peak_reserved_bytes": 10089398272, "rss_bytes": 4027265024}}
{"concurrency": 1, "wave": 442, "elapsed_s": 488.68929785490036, "complete_eos": 402, "cancelled": 40, "memory": {"cuda_allocated_bytes": 7475681280, "cuda_reserved_bytes": 9026142208, "cuda_peak_allocated_bytes": 9943896576, "cuda_peak_reserved_bytes": 10089398272, "rss_bytes": 4027265024}}
{"concurrency": 1, "wave": 443, "elapsed_s": 489.6472019031644, "complete_eos": 403, "cancelled": 40, "memory": {"cuda_allocated_bytes": 7475288064, "cuda_reserved_bytes": 9026142208, "cuda_peak_allocated_bytes": 9943896576, "cuda_peak_reserved_bytes": 10089398272, "rss_bytes": 4027265024}}
{"concurrency": 1, "wave": 444, "elapsed_s": 490.53193845413625, "complete_eos": 404, "cancelled": 40, "memory": {"cuda_allocated_bytes": 7475681280, "cuda_reserved_bytes": 9026142208, "cuda_peak_allocated_bytes": 9943896576, "cuda_peak_reserved_bytes": 10089398272, "rss_bytes": 4027265024}}
{"concurrency": 1, "wave": 445, "elapsed_s": 491.63388924114406, "complete_eos": 405, "cancelled": 40, "memory": {"cuda_allocated_bytes": 7475288064, "cuda_reserved_bytes": 9026142208, "cuda_peak_allocated_bytes": 9943896576, "cuda_peak_reserved_bytes": 10089398272, "rss_bytes": 4027265024}}
{"concurrency": 1, "wave": 446, "elapsed_s": 492.805184552446, "complete_eos": 406, "cancelled": 40, "memory": {"cuda_allocated_bytes": 7475681280, "cuda_reserved_bytes": 9026142208, "cuda_peak_allocated_bytes": 9943896576, "cuda_peak_reserved_bytes": 10089398272, "rss_bytes": 4027265024}}
{"concurrency": 1, "wave": 447, "elapsed_s": 493.4315570946783, "complete_eos": 407, "cancelled": 40, "memory": {"cuda_allocated_bytes": 7475288064, "cuda_reserved_bytes": 9026142208, "cuda_peak_allocated_bytes": 9943896576, "cuda_peak_reserved_bytes": 10089398272, "rss_bytes": 4027265024}}
{"concurrency": 1, "wave": 448, "elapsed_s": 494.6569297481328, "complete_eos": 408, "cancelled": 40, "memory": {"cuda_allocated_bytes": 7475681280, "cuda_reserved_bytes": 9026142208, "cuda_peak_allocated_bytes": 9943896576, "cuda_peak_reserved_bytes": 10089398272, "rss_bytes": 4027265024}}
{"concurrency": 1, "wave": 449, "elapsed_s": 495.6993649099022, "complete_eos": 409, "cancelled": 40, "memory": {"cuda_allocated_bytes": 7475288064, "cuda_reserved_bytes": 9026142208, "cuda_peak_allocated_bytes": 9943896576, "cuda_peak_reserved_bytes": 10089398272, "rss_bytes": 4027265024}}
{"concurrency": 1, "wave": 450, "elapsed_s": 496.62924127466977, "complete_eos": 410, "cancelled": 40, "memory": {"cuda_allocated_bytes": 7475681280, "cuda_reserved_bytes": 9026142208, "cuda_peak_allocated_bytes": 9943896576, "cuda_peak_reserved_bytes": 10089398272, "rss_bytes": 4027265024}}
{"concurrency": 1, "wave": 451, "elapsed_s": 496.7218234036118, "complete_eos": 410, "cancelled": 41, "memory": {"cuda_allocated_bytes": 7475288064, "cuda_reserved_bytes": 9026142208, "cuda_peak_allocated_bytes": 9943896576, "cuda_peak_reserved_bytes": 10089398272, "rss_bytes": 4027265024}}
{"concurrency": 1, "wave": 452, "elapsed_s": 497.76451750285923, "complete_eos": 411, "cancelled": 41, "memory": {"cuda_allocated_bytes": 7475681280, "cuda_reserved_bytes": 9026142208, "cuda_peak_allocated_bytes": 9943896576, "cuda_peak_reserved_bytes": 10089398272, "rss_bytes": 4027265024}}
{"concurrency": 1, "wave": 453, "elapsed_s": 498.7646528966725, "complete_eos": 412, "cancelled": 41, "memory": {"cuda_allocated_bytes": 7475288064, "cuda_reserved_bytes": 9026142208, "cuda_peak_allocated_bytes": 9943896576, "cuda_peak_reserved_bytes": 10089398272, "rss_bytes": 4027265024}}
{"concurrency": 1, "wave": 454, "elapsed_s": 499.6454744581133, "complete_eos": 413, "cancelled": 41, "memory": {"cuda_allocated_bytes": 7475681280, "cuda_reserved_bytes": 9026142208, "cuda_peak_allocated_bytes": 9943896576, "cuda_peak_reserved_bytes": 10089398272, "rss_bytes": 4027265024}}
{"concurrency": 1, "wave": 455, "elapsed_s": 500.39016099087894, "complete_eos": 414, "cancelled": 41, "memory": {"cuda_allocated_bytes": 7475288064, "cuda_reserved_bytes": 9026142208, "cuda_peak_allocated_bytes": 9943896576, "cuda_peak_reserved_bytes": 10089398272, "rss_bytes": 4027305984}}
{"concurrency": 1, "wave": 456, "elapsed_s": 501.9307705629617, "complete_eos": 415, "cancelled": 41, "memory": {"cuda_allocated_bytes": 7475681280, "cuda_reserved_bytes": 9026142208, "cuda_peak_allocated_bytes": 9943896576, "cuda_peak_reserved_bytes": 10089398272, "rss_bytes": 4027305984}}
{"concurrency": 1, "wave": 457, "elapsed_s": 502.80300160497427, "complete_eos": 416, "cancelled": 41, "memory": {"cuda_allocated_bytes": 7475288064, "cuda_reserved_bytes": 9026142208, "cuda_peak_allocated_bytes": 9943896576, "cuda_peak_reserved_bytes": 10089398272, "rss_bytes": 4027305984}}
{"concurrency": 1, "wave": 458, "elapsed_s": 503.67519272491336, "complete_eos": 417, "cancelled": 41, "memory": {"cuda_allocated_bytes": 7475681280, "cuda_reserved_bytes": 9026142208, "cuda_peak_allocated_bytes": 9943896576, "cuda_peak_reserved_bytes": 10089398272, "rss_bytes": 4027305984}}
{"concurrency": 1, "wave": 459, "elapsed_s": 505.2148790694773, "complete_eos": 418, "cancelled": 41, "memory": {"cuda_allocated_bytes": 7475288064, "cuda_reserved_bytes": 9026142208, "cuda_peak_allocated_bytes": 9943896576, "cuda_peak_reserved_bytes": 10089398272, "rss_bytes": 4027305984}}
{"concurrency": 1, "wave": 460, "elapsed_s": 506.3102622050792, "complete_eos": 419, "cancelled": 41, "memory": {"cuda_allocated_bytes": 7475681280, "cuda_reserved_bytes": 9026142208, "cuda_peak_allocated_bytes": 9943896576, "cuda_peak_reserved_bytes": 10089398272, "rss_bytes": 4027305984}}
{"concurrency": 1, "wave": 461, "elapsed_s": 507.37946648336947, "complete_eos": 420, "cancelled": 41, "memory": {"cuda_allocated_bytes": 7475288064, "cuda_reserved_bytes": 9026142208, "cuda_peak_allocated_bytes": 9943896576, "cuda_peak_reserved_bytes": 10089398272, "rss_bytes": 4027305984}}
{"concurrency": 1, "wave": 462, "elapsed_s": 507.47299375012517, "complete_eos": 420, "cancelled": 42, "memory": {"cuda_allocated_bytes": 7475681280, "cuda_reserved_bytes": 9026142208, "cuda_peak_allocated_bytes": 9943896576, "cuda_peak_reserved_bytes": 10089398272, "rss_bytes": 4027305984}}
{"concurrency": 1, "wave": 463, "elapsed_s": 508.66573191434145, "complete_eos": 421, "cancelled": 42, "memory": {"cuda_allocated_bytes": 7475288064, "cuda_reserved_bytes": 9026142208, "cuda_peak_allocated_bytes": 9943896576, "cuda_peak_reserved_bytes": 10089398272, "rss_bytes": 4027305984}}
{"concurrency": 1, "wave": 464, "elapsed_s": 510.3600509855896, "complete_eos": 422, "cancelled": 42, "memory": {"cuda_allocated_bytes": 7475681280, "cuda_reserved_bytes": 9026142208, "cuda_peak_allocated_bytes": 9943896576, "cuda_peak_reserved_bytes": 10089398272, "rss_bytes": 4027604992}}
{"concurrency": 1, "wave": 465, "elapsed_s": 511.657651823014, "complete_eos": 423, "cancelled": 42, "memory": {"cuda_allocated_bytes": 7475288064, "cuda_reserved_bytes": 9026142208, "cuda_peak_allocated_bytes": 9943896576, "cuda_peak_reserved_bytes": 10089398272, "rss_bytes": 4027760640}}
{"concurrency": 1, "wave": 466, "elapsed_s": 512.9141396582127, "complete_eos": 424, "cancelled": 42, "memory": {"cuda_allocated_bytes": 7475681280, "cuda_reserved_bytes": 9026142208, "cuda_peak_allocated_bytes": 9943896576, "cuda_peak_reserved_bytes": 10089398272, "rss_bytes": 4027760640}}
{"concurrency": 1, "wave": 467, "elapsed_s": 514.0890178307891, "complete_eos": 425, "cancelled": 42, "memory": {"cuda_allocated_bytes": 7475288064, "cuda_reserved_bytes": 9026142208, "cuda_peak_allocated_bytes": 9943896576, "cuda_peak_reserved_bytes": 10089398272, "rss_bytes": 4027760640}}
{"concurrency": 1, "wave": 468, "elapsed_s": 515.464433979243, "complete_eos": 426, "cancelled": 42, "memory": {"cuda_allocated_bytes": 7475681280, "cuda_reserved_bytes": 9026142208, "cuda_peak_allocated_bytes": 9943896576, "cuda_peak_reserved_bytes": 10089398272, "rss_bytes": 4027760640}}
{"concurrency": 1, "wave": 469, "elapsed_s": 516.5726944748312, "complete_eos": 427, "cancelled": 42, "memory": {"cuda_allocated_bytes": 7475288064, "cuda_reserved_bytes": 9026142208, "cuda_peak_allocated_bytes": 9943896576, "cuda_peak_reserved_bytes": 10089398272, "rss_bytes": 4027760640}}
{"concurrency": 1, "wave": 470, "elapsed_s": 517.5883331671357, "complete_eos": 428, "cancelled": 42, "memory": {"cuda_allocated_bytes": 7475681280, "cuda_reserved_bytes": 9026142208, "cuda_peak_allocated_bytes": 9943896576, "cuda_peak_reserved_bytes": 10089398272, "rss_bytes": 4027760640}}
{"concurrency": 1, "wave": 471, "elapsed_s": 518.4853373132646, "complete_eos": 429, "cancelled": 42, "memory": {"cuda_allocated_bytes": 7475288064, "cuda_reserved_bytes": 9026142208, "cuda_peak_allocated_bytes": 9943896576, "cuda_peak_reserved_bytes": 10089398272, "rss_bytes": 4027760640}}
{"concurrency": 1, "wave": 472, "elapsed_s": 519.8643956687301, "complete_eos": 430, "cancelled": 42, "memory": {"cuda_allocated_bytes": 7475681280, "cuda_reserved_bytes": 9026142208, "cuda_peak_allocated_bytes": 9943896576, "cuda_peak_reserved_bytes": 10089398272, "rss_bytes": 4027760640}}
{"concurrency": 1, "wave": 473, "elapsed_s": 519.9694120865315, "complete_eos": 430, "cancelled": 43, "memory": {"cuda_allocated_bytes": 7475288064, "cuda_reserved_bytes": 9026142208, "cuda_peak_allocated_bytes": 9943896576, "cuda_peak_reserved_bytes": 10089398272, "rss_bytes": 4027760640}}
{"concurrency": 1, "wave": 474, "elapsed_s": 521.2775274459273, "complete_eos": 431, "cancelled": 43, "memory": {"cuda_allocated_bytes": 7475681280, "cuda_reserved_bytes": 9026142208, "cuda_peak_allocated_bytes": 9943896576, "cuda_peak_reserved_bytes": 10089398272, "rss_bytes": 4027854848}}
{"concurrency": 1, "wave": 475, "elapsed_s": 523.6744141560048, "complete_eos": 432, "cancelled": 43, "memory": {"cuda_allocated_bytes": 7475288064, "cuda_reserved_bytes": 9026142208, "cuda_peak_allocated_bytes": 9943896576, "cuda_peak_reserved_bytes": 10089398272, "rss_bytes": 4027858944}}
{"concurrency": 1, "wave": 476, "elapsed_s": 524.5163234956563, "complete_eos": 433, "cancelled": 43, "memory": {"cuda_allocated_bytes": 7475681280, "cuda_reserved_bytes": 9026142208, "cuda_peak_allocated_bytes": 9943896576, "cuda_peak_reserved_bytes": 10089398272, "rss_bytes": 4027858944}}
{"concurrency": 1, "wave": 477, "elapsed_s": 525.4582839347422, "complete_eos": 434, "cancelled": 43, "memory": {"cuda_allocated_bytes": 7475288064, "cuda_reserved_bytes": 9026142208, "cuda_peak_allocated_bytes": 9943896576, "cuda_peak_reserved_bytes": 10089398272, "rss_bytes": 4027858944}}
{"concurrency": 1, "wave": 478, "elapsed_s": 526.7321340572089, "complete_eos": 435, "cancelled": 43, "memory": {"cuda_allocated_bytes": 7475681280, "cuda_reserved_bytes": 9026142208, "cuda_peak_allocated_bytes": 9943896576, "cuda_peak_reserved_bytes": 10089398272, "rss_bytes": 4027858944}}
{"concurrency": 1, "wave": 479, "elapsed_s": 527.7202091515064, "complete_eos": 436, "cancelled": 43, "memory": {"cuda_allocated_bytes": 7475288064, "cuda_reserved_bytes": 9026142208, "cuda_peak_allocated_bytes": 9943896576, "cuda_peak_reserved_bytes": 10089398272, "rss_bytes": 4027858944}}
{"concurrency": 1, "wave": 480, "elapsed_s": 529.037369068712, "complete_eos": 437, "cancelled": 43, "memory": {"cuda_allocated_bytes": 7475681280, "cuda_reserved_bytes": 9026142208, "cuda_peak_allocated_bytes": 9943896576, "cuda_peak_reserved_bytes": 10089398272, "rss_bytes": 4027858944}}
{"concurrency": 1, "wave": 481, "elapsed_s": 529.8979481328279, "complete_eos": 438, "cancelled": 43, "memory": {"cuda_allocated_bytes": 7475288064, "cuda_reserved_bytes": 9026142208, "cuda_peak_allocated_bytes": 9943896576, "cuda_peak_reserved_bytes": 10089398272, "rss_bytes": 4027858944}}
{"concurrency": 1, "wave": 482, "elapsed_s": 531.7325672358274, "complete_eos": 439, "cancelled": 43, "memory": {"cuda_allocated_bytes": 7475681280, "cuda_reserved_bytes": 9026142208, "cuda_peak_allocated_bytes": 9943896576, "cuda_peak_reserved_bytes": 10089398272, "rss_bytes": 4027858944}}
{"concurrency": 1, "wave": 483, "elapsed_s": 532.797902951017, "complete_eos": 440, "cancelled": 43, "memory": {"cuda_allocated_bytes": 7475288064, "cuda_reserved_bytes": 9026142208, "cuda_peak_allocated_bytes": 9943896576, "cuda_peak_reserved_bytes": 10089398272, "rss_bytes": 4027858944}}
{"concurrency": 1, "wave": 484, "elapsed_s": 532.8931784126908, "complete_eos": 440, "cancelled": 44, "memory": {"cuda_allocated_bytes": 7475681280, "cuda_reserved_bytes": 9026142208, "cuda_peak_allocated_bytes": 9943896576, "cuda_peak_reserved_bytes": 10089398272, "rss_bytes": 4027858944}}
{"concurrency": 1, "wave": 485, "elapsed_s": 534.3340004067868, "complete_eos": 441, "cancelled": 44, "memory": {"cuda_allocated_bytes": 7475288064, "cuda_reserved_bytes": 9026142208, "cuda_peak_allocated_bytes": 9943896576, "cuda_peak_reserved_bytes": 10089398272, "rss_bytes": 4028121088}}
{"concurrency": 1, "wave": 486, "elapsed_s": 535.8008397612721, "complete_eos": 442, "cancelled": 44, "memory": {"cuda_allocated_bytes": 7475681280, "cuda_reserved_bytes": 9026142208, "cuda_peak_allocated_bytes": 9943896576, "cuda_peak_reserved_bytes": 10089398272, "rss_bytes": 4028121088}}
{"concurrency": 1, "wave": 487, "elapsed_s": 537.4474680554122, "complete_eos": 443, "cancelled": 44, "memory": {"cuda_allocated_bytes": 7475288064, "cuda_reserved_bytes": 9026142208, "cuda_peak_allocated_bytes": 9943896576, "cuda_peak_reserved_bytes": 10089398272, "rss_bytes": 4028121088}}
{"concurrency": 1, "wave": 488, "elapsed_s": 538.2070669028908, "complete_eos": 444, "cancelled": 44, "memory": {"cuda_allocated_bytes": 7475681280, "cuda_reserved_bytes": 9026142208, "cuda_peak_allocated_bytes": 9943896576, "cuda_peak_reserved_bytes": 10089398272, "rss_bytes": 4028121088}}
{"concurrency": 1, "wave": 489, "elapsed_s": 539.6103123389184, "complete_eos": 445, "cancelled": 44, "memory": {"cuda_allocated_bytes": 7475288064, "cuda_reserved_bytes": 9026142208, "cuda_peak_allocated_bytes": 9943896576, "cuda_peak_reserved_bytes": 10089398272, "rss_bytes": 4028121088}}
{"concurrency": 1, "wave": 490, "elapsed_s": 541.3350279070437, "complete_eos": 446, "cancelled": 44, "memory": {"cuda_allocated_bytes": 7475681280, "cuda_reserved_bytes": 9026142208, "cuda_peak_allocated_bytes": 9943896576, "cuda_peak_reserved_bytes": 10089398272, "rss_bytes": 4028121088}}
{"concurrency": 1, "wave": 491, "elapsed_s": 542.4177252687514, "complete_eos": 447, "cancelled": 44, "memory": {"cuda_allocated_bytes": 7475288064, "cuda_reserved_bytes": 9026142208, "cuda_peak_allocated_bytes": 9943896576, "cuda_peak_reserved_bytes": 10089398272, "rss_bytes": 4028121088}}
{"concurrency": 1, "wave": 492, "elapsed_s": 544.5683448370546, "complete_eos": 448, "cancelled": 44, "memory": {"cuda_allocated_bytes": 7475681280, "cuda_reserved_bytes": 9026142208, "cuda_peak_allocated_bytes": 9943896576, "cuda_peak_reserved_bytes": 10089398272, "rss_bytes": 4028542976}}
{"concurrency": 1, "wave": 493, "elapsed_s": 545.8190895169973, "complete_eos": 449, "cancelled": 44, "memory": {"cuda_allocated_bytes": 7475288064, "cuda_reserved_bytes": 9026142208, "cuda_peak_allocated_bytes": 9943896576, "cuda_peak_reserved_bytes": 10089398272, "rss_bytes": 4029018112}}
{"concurrency": 1, "wave": 494, "elapsed_s": 547.1775968372822, "complete_eos": 450, "cancelled": 44, "memory": {"cuda_allocated_bytes": 7475681280, "cuda_reserved_bytes": 9026142208, "cuda_peak_allocated_bytes": 9943896576, "cuda_peak_reserved_bytes": 10089398272, "rss_bytes": 4029018112}}
{"concurrency": 1, "wave": 495, "elapsed_s": 547.2429374661297, "complete_eos": 450, "cancelled": 45, "memory": {"cuda_allocated_bytes": 7475288064, "cuda_reserved_bytes": 9026142208, "cuda_peak_allocated_bytes": 9943896576, "cuda_peak_reserved_bytes": 10089398272, "rss_bytes": 4029022208}}
{"concurrency": 1, "wave": 496, "elapsed_s": 549.1356010958552, "complete_eos": 451, "cancelled": 45, "memory": {"cuda_allocated_bytes": 7475681280, "cuda_reserved_bytes": 9026142208, "cuda_peak_allocated_bytes": 9943896576, "cuda_peak_reserved_bytes": 10089398272, "rss_bytes": 4029022208}}
{"concurrency": 1, "wave": 497, "elapsed_s": 550.6136104669422, "complete_eos": 452, "cancelled": 45, "memory": {"cuda_allocated_bytes": 7475288064, "cuda_reserved_bytes": 9026142208, "cuda_peak_allocated_bytes": 9943896576, "cuda_peak_reserved_bytes": 10089398272, "rss_bytes": 4029022208}}
{"concurrency": 1, "wave": 498, "elapsed_s": 552.0963237565011, "complete_eos": 453, "cancelled": 45, "memory": {"cuda_allocated_bytes": 7475681280, "cuda_reserved_bytes": 9026142208, "cuda_peak_allocated_bytes": 9943896576, "cuda_peak_reserved_bytes": 10089398272, "rss_bytes": 4029022208}}
{"concurrency": 1, "wave": 499, "elapsed_s": 552.9825212620199, "complete_eos": 454, "cancelled": 45, "memory": {"cuda_allocated_bytes": 7475288064, "cuda_reserved_bytes": 9026142208, "cuda_peak_allocated_bytes": 9943896576, "cuda_peak_reserved_bytes": 10089398272, "rss_bytes": 4029022208}}
{"concurrency": 1, "wave": 500, "elapsed_s": 554.1788537167013, "complete_eos": 455, "cancelled": 45, "memory": {"cuda_allocated_bytes": 7475681280, "cuda_reserved_bytes": 9026142208, "cuda_peak_allocated_bytes": 9943896576, "cuda_peak_reserved_bytes": 10089398272, "rss_bytes": 4029022208}}
{"concurrency": 1, "wave": 501, "elapsed_s": 555.5822231136262, "complete_eos": 456, "cancelled": 45, "memory": {"cuda_allocated_bytes": 7475288064, "cuda_reserved_bytes": 9026142208, "cuda_peak_allocated_bytes": 9943896576, "cuda_peak_reserved_bytes": 10089398272, "rss_bytes": 4029022208}}
{"concurrency": 1, "wave": 502, "elapsed_s": 556.6944008860737, "complete_eos": 457, "cancelled": 45, "memory": {"cuda_allocated_bytes": 7475681280, "cuda_reserved_bytes": 9026142208, "cuda_peak_allocated_bytes": 9943896576, "cuda_peak_reserved_bytes": 10089398272, "rss_bytes": 4029022208}}
{"concurrency": 1, "wave": 503, "elapsed_s": 557.8695007394999, "complete_eos": 458, "cancelled": 45, "memory": {"cuda_allocated_bytes": 7475288064, "cuda_reserved_bytes": 9026142208, "cuda_peak_allocated_bytes": 9943896576, "cuda_peak_reserved_bytes": 10089398272, "rss_bytes": 4029022208}}
{"concurrency": 1, "wave": 504, "elapsed_s": 558.9519837554544, "complete_eos": 459, "cancelled": 45, "memory": {"cuda_allocated_bytes": 7475681280, "cuda_reserved_bytes": 9026142208, "cuda_peak_allocated_bytes": 9943896576, "cuda_peak_reserved_bytes": 10089398272, "rss_bytes": 4029022208}}
{"concurrency": 1, "wave": 505, "elapsed_s": 560.718292247504, "complete_eos": 460, "cancelled": 45, "memory": {"cuda_allocated_bytes": 7475288064, "cuda_reserved_bytes": 9026142208, "cuda_peak_allocated_bytes": 9943896576, "cuda_peak_reserved_bytes": 10089398272, "rss_bytes": 4029022208}}
{"concurrency": 1, "wave": 506, "elapsed_s": 560.8174670618027, "complete_eos": 460, "cancelled": 46, "memory": {"cuda_allocated_bytes": 7475681280, "cuda_reserved_bytes": 9026142208, "cuda_peak_allocated_bytes": 9943896576, "cuda_peak_reserved_bytes": 10089398272, "rss_bytes": 4029022208}}
{"concurrency": 1, "wave": 507, "elapsed_s": 561.8806790709496, "complete_eos": 461, "cancelled": 46, "memory": {"cuda_allocated_bytes": 7475288064, "cuda_reserved_bytes": 9026142208, "cuda_peak_allocated_bytes": 9943896576, "cuda_peak_reserved_bytes": 10089398272, "rss_bytes": 4029022208}}
{"concurrency": 1, "wave": 508, "elapsed_s": 563.5942699369043, "complete_eos": 462, "cancelled": 46, "memory": {"cuda_allocated_bytes": 7475681280, "cuda_reserved_bytes": 9026142208, "cuda_peak_allocated_bytes": 9943896576, "cuda_peak_reserved_bytes": 10089398272, "rss_bytes": 4029022208}}
{"concurrency": 1, "wave": 509, "elapsed_s": 564.5768909417093, "complete_eos": 463, "cancelled": 46, "memory": {"cuda_allocated_bytes": 7475288064, "cuda_reserved_bytes": 9026142208, "cuda_peak_allocated_bytes": 9943896576, "cuda_peak_reserved_bytes": 10089398272, "rss_bytes": 4029022208}}
{"concurrency": 1, "wave": 510, "elapsed_s": 566.119573675096, "complete_eos": 464, "cancelled": 46, "memory": {"cuda_allocated_bytes": 7475681280, "cuda_reserved_bytes": 9026142208, "cuda_peak_allocated_bytes": 9943896576, "cuda_peak_reserved_bytes": 10089398272, "rss_bytes": 4029022208}}
{"concurrency": 1, "wave": 511, "elapsed_s": 567.7435908466578, "complete_eos": 465, "cancelled": 46, "memory": {"cuda_allocated_bytes": 7475288064, "cuda_reserved_bytes": 9026142208, "cuda_peak_allocated_bytes": 9943896576, "cuda_peak_reserved_bytes": 10089398272, "rss_bytes": 4029022208}}
{"concurrency": 1, "wave": 512, "elapsed_s": 569.4331584405154, "complete_eos": 466, "cancelled": 46, "memory": {"cuda_allocated_bytes": 7475681280, "cuda_reserved_bytes": 9026142208, "cuda_peak_allocated_bytes": 9943896576, "cuda_peak_reserved_bytes": 10089398272, "rss_bytes": 4029022208}}
{"concurrency": 1, "wave": 513, "elapsed_s": 570.8230601679534, "complete_eos": 467, "cancelled": 46, "memory": {"cuda_allocated_bytes": 7475288064, "cuda_reserved_bytes": 9026142208, "cuda_peak_allocated_bytes": 9943896576, "cuda_peak_reserved_bytes": 10089398272, "rss_bytes": 4029022208}}
{"concurrency": 1, "wave": 514, "elapsed_s": 571.9589048437774, "complete_eos": 468, "cancelled": 46, "memory": {"cuda_allocated_bytes": 7475681280, "cuda_reserved_bytes": 9026142208, "cuda_peak_allocated_bytes": 9943896576, "cuda_peak_reserved_bytes": 10089398272, "rss_bytes": 4029022208}}
{"concurrency": 1, "wave": 515, "elapsed_s": 573.2941357642412, "complete_eos": 469, "cancelled": 46, "memory": {"cuda_allocated_bytes": 7475288064, "cuda_reserved_bytes": 9026142208, "cuda_peak_allocated_bytes": 9943896576, "cuda_peak_reserved_bytes": 10089398272, "rss_bytes": 4029022208}}
{"concurrency": 1, "wave": 516, "elapsed_s": 574.5129321888089, "complete_eos": 470, "cancelled": 46, "memory": {"cuda_allocated_bytes": 7475681280, "cuda_reserved_bytes": 9026142208, "cuda_peak_allocated_bytes": 9943896576, "cuda_peak_reserved_bytes": 10089398272, "rss_bytes": 4029022208}}
{"concurrency": 1, "wave": 517, "elapsed_s": 574.611489282921, "complete_eos": 470, "cancelled": 47, "memory": {"cuda_allocated_bytes": 7475288064, "cuda_reserved_bytes": 9026142208, "cuda_peak_allocated_bytes": 9943896576, "cuda_peak_reserved_bytes": 10089398272, "rss_bytes": 4029026304}}
{"concurrency": 1, "wave": 518, "elapsed_s": 575.9012053869665, "complete_eos": 471, "cancelled": 47, "memory": {"cuda_allocated_bytes": 7475681280, "cuda_reserved_bytes": 9026142208, "cuda_peak_allocated_bytes": 9943896576, "cuda_peak_reserved_bytes": 10089398272, "rss_bytes": 4029030400}}
{"concurrency": 1, "wave": 519, "elapsed_s": 577.089705420658, "complete_eos": 472, "cancelled": 47, "memory": {"cuda_allocated_bytes": 7475288064, "cuda_reserved_bytes": 9026142208, "cuda_peak_allocated_bytes": 9943896576, "cuda_peak_reserved_bytes": 10089398272, "rss_bytes": 4029030400}}
{"concurrency": 1, "wave": 520, "elapsed_s": 578.2173597048968, "complete_eos": 473, "cancelled": 47, "memory": {"cuda_allocated_bytes": 7475681280, "cuda_reserved_bytes": 9026142208, "cuda_peak_allocated_bytes": 9943896576, "cuda_peak_reserved_bytes": 10089398272, "rss_bytes": 4029038592}}
{"concurrency": 1, "wave": 521, "elapsed_s": 579.5867486614734, "complete_eos": 474, "cancelled": 47, "memory": {"cuda_allocated_bytes": 7475288064, "cuda_reserved_bytes": 9026142208, "cuda_peak_allocated_bytes": 9943896576, "cuda_peak_reserved_bytes": 10089398272, "rss_bytes": 4029038592}}
{"concurrency": 1, "wave": 522, "elapsed_s": 581.0129618551582, "complete_eos": 475, "cancelled": 47, "memory": {"cuda_allocated_bytes": 7475681280, "cuda_reserved_bytes": 9026142208, "cuda_peak_allocated_bytes": 9943896576, "cuda_peak_reserved_bytes": 10089398272, "rss_bytes": 4029038592}}
{"concurrency": 1, "wave": 523, "elapsed_s": 582.2066433671862, "complete_eos": 476, "cancelled": 47, "memory": {"cuda_allocated_bytes": 7475288064, "cuda_reserved_bytes": 9026142208, "cuda_peak_allocated_bytes": 9943896576, "cuda_peak_reserved_bytes": 10089398272, "rss_bytes": 4029038592}}
{"concurrency": 1, "wave": 524, "elapsed_s": 583.5253605525941, "complete_eos": 477, "cancelled": 47, "memory": {"cuda_allocated_bytes": 7475681280, "cuda_reserved_bytes": 9026142208, "cuda_peak_allocated_bytes": 9943896576, "cuda_peak_reserved_bytes": 10089398272, "rss_bytes": 4029042688}}
{"concurrency": 1, "wave": 525, "elapsed_s": 584.8197039067745, "complete_eos": 478, "cancelled": 47, "memory": {"cuda_allocated_bytes": 7475288064, "cuda_reserved_bytes": 9026142208, "cuda_peak_allocated_bytes": 9943896576, "cuda_peak_reserved_bytes": 10089398272, "rss_bytes": 4029059072}}
{"concurrency": 1, "wave": 526, "elapsed_s": 585.9261728469282, "complete_eos": 479, "cancelled": 47, "memory": {"cuda_allocated_bytes": 7475681280, "cuda_reserved_bytes": 9026142208, "cuda_peak_allocated_bytes": 9943896576, "cuda_peak_reserved_bytes": 10089398272, "rss_bytes": 4029059072}}
{"concurrency": 1, "wave": 527, "elapsed_s": 587.7604076061398, "complete_eos": 480, "cancelled": 47, "memory": {"cuda_allocated_bytes": 7475288064, "cuda_reserved_bytes": 9026142208, "cuda_peak_allocated_bytes": 9943896576, "cuda_peak_reserved_bytes": 10089398272, "rss_bytes": 4029059072}}
{"concurrency": 1, "wave": 528, "elapsed_s": 587.8296952024102, "complete_eos": 480, "cancelled": 48, "memory": {"cuda_allocated_bytes": 7475681280, "cuda_reserved_bytes": 9026142208, "cuda_peak_allocated_bytes": 9943896576, "cuda_peak_reserved_bytes": 10089398272, "rss_bytes": 4029059072}}
{"concurrency": 1, "wave": 529, "elapsed_s": 589.5597239490598, "complete_eos": 481, "cancelled": 48, "memory": {"cuda_allocated_bytes": 7475288064, "cuda_reserved_bytes": 9026142208, "cuda_peak_allocated_bytes": 9943896576, "cuda_peak_reserved_bytes": 10089398272, "rss_bytes": 4029059072}}
{"concurrency": 1, "wave": 530, "elapsed_s": 590.6977565642446, "complete_eos": 482, "cancelled": 48, "memory": {"cuda_allocated_bytes": 7475681280, "cuda_reserved_bytes": 9026142208, "cuda_peak_allocated_bytes": 9943896576, "cuda_peak_reserved_bytes": 10089398272, "rss_bytes": 4029059072}}
{"concurrency": 1, "wave": 531, "elapsed_s": 592.4810373838991, "complete_eos": 483, "cancelled": 48, "memory": {"cuda_allocated_bytes": 7475288064, "cuda_reserved_bytes": 9026142208, "cuda_peak_allocated_bytes": 9943896576, "cuda_peak_reserved_bytes": 10089398272, "rss_bytes": 4029059072}}
{"concurrency": 1, "wave": 532, "elapsed_s": 593.7202231306583, "complete_eos": 484, "cancelled": 48, "memory": {"cuda_allocated_bytes": 7475681280, "cuda_reserved_bytes": 9026142208, "cuda_peak_allocated_bytes": 9943896576, "cuda_peak_reserved_bytes": 10089398272, "rss_bytes": 4029059072}}
{"concurrency": 1, "wave": 533, "elapsed_s": 594.9843867700547, "complete_eos": 485, "cancelled": 48, "memory": {"cuda_allocated_bytes": 7475288064, "cuda_reserved_bytes": 9026142208, "cuda_peak_allocated_bytes": 9943896576, "cuda_peak_reserved_bytes": 10089398272, "rss_bytes": 4029059072}}
{"concurrency": 1, "wave": 534, "elapsed_s": 596.5054430551827, "complete_eos": 486, "cancelled": 48, "memory": {"cuda_allocated_bytes": 7475681280, "cuda_reserved_bytes": 9026142208, "cuda_peak_allocated_bytes": 9943896576, "cuda_peak_reserved_bytes": 10089398272, "rss_bytes": 4029059072}}
{"concurrency": 1, "wave": 535, "elapsed_s": 597.8226980362087, "complete_eos": 487, "cancelled": 48, "memory": {"cuda_allocated_bytes": 7475288064, "cuda_reserved_bytes": 9026142208, "cuda_peak_allocated_bytes": 9943896576, "cuda_peak_reserved_bytes": 10089398272, "rss_bytes": 4029059072}}
{"concurrency": 1, "wave": 536, "elapsed_s": 598.7824764307588, "complete_eos": 488, "cancelled": 48, "memory": {"cuda_allocated_bytes": 7475681280, "cuda_reserved_bytes": 9026142208, "cuda_peak_allocated_bytes": 9943896576, "cuda_peak_reserved_bytes": 10089398272, "rss_bytes": 4029161472}}
{"concurrency": 1, "wave": 537, "elapsed_s": 600.6876070257276, "complete_eos": 489, "cancelled": 48, "memory": {"cuda_allocated_bytes": 7475288064, "cuda_reserved_bytes": 9026142208, "cuda_peak_allocated_bytes": 9943896576, "cuda_peak_reserved_bytes": 10089398272, "rss_bytes": 4029456384}}
>> Using explicit emotion vectors
>> GPT weights restored from: /workspace/A_inspark_marlin/models/index_tts2/gpt.pth
GPT2InferenceModel has generative capabilities, as `prepare_inputs_for_generation` is explicitly defined. However, it doesn't directly inherit from `GenerationMixin`. From 👉v4.50👈 onwards, `PreTrainedModel` will NOT inherit from `GenerationMixin`, and this model will lose the ability to call `generate` and other related functions.
  - If you're using `trust_remote_code=True`, you can get rid of this warning by loading the model with an auto class. See https://huggingface.co/docs/transformers/en/model_doc/auto#auto-classes
  - If you are the owner of the model architecture code, please modify your model class such that it inherits from `GenerationMixin` (after `PreTrainedModel`, otherwise you'll get an exception).
  - If you are not the owner of the model architecture class, please contact the model code owner to update it.
>> semantic_codec weights restored from: /workspace/A_inspark_marlin/models/index_tts2/hf_cache/semantic_codec_model.safetensors
>> s2mel weights restored from: /workspace/A_inspark_marlin/models/index_tts2/s2mel.pth
>> campplus_model weights restored from: /workspace/A_inspark_marlin/models/index_tts2/hf_cache/campplus_cn_common.bin
Loading config.json from local directory
Loading weights from local directory
Removing weight norm...
>> bigvgan weights restored from: /workspace/A_inspark_marlin/models/index_tts2/hf_cache/bigvgan
2026-09-23 01:59:20,116 WETEXT INFO found existing fst: /workspace/A_inspark_marlin/.cache/text_normalizer/zh_tn_tagger.fst
2026-09-23 01:59:20,116 WETEXT INFO                     /workspace/A_inspark_marlin/.cache/text_normalizer/zh_tn_verbalizer.fst
2026-09-23 01:59:20,116 WETEXT INFO skip building fst for zh_normalizer ...
2026-09-23 01:59:20,416 WETEXT INFO found existing fst: /workspace/A_inspark_marlin/.venv/lib/python3.11/site-packages/tn/en_tn_tagger.fst
2026-09-23 01:59:20,416 WETEXT INFO                     /workspace/A_inspark_marlin/.venv/lib/python3.11/site-packages/tn/en_tn_verbalizer.fst
2026-09-23 01:59:20,417 WETEXT INFO skip building fst for en_normalizer ...
>> TextNormalizer loaded
>> bpe model loaded from: /workspace/A_inspark_marlin/models/index_tts2/bpe.model
PRECISION_PREP target bf16
PRECISION_PREP draft bf16
PRECISION_PREP cfm bf16
PRECISION_PREP vocoder bf16
[09/23/2026-01:59:25] [TRT] [W] Functionality provided through tensorrt.plugin module is experimental.
{"concurrency": 4, "wave": 1, "elapsed_s": 1.7386309299618006, "complete_eos": 4, "cancelled": 0, "memory": {"cuda_allocated_bytes": 11157245952, "cuda_reserved_bytes": 14038335488, "cuda_peak_allocated_bytes": 11893477888, "cuda_peak_reserved_bytes": 14138998784, "rss_bytes": 3685330944}}
{"concurrency": 4, "wave": 2, "elapsed_s": 4.575724517926574, "complete_eos": 8, "cancelled": 0, "memory": {"cuda_allocated_bytes": 11157245952, "cuda_reserved_bytes": 14038335488, "cuda_peak_allocated_bytes": 11893477888, "cuda_peak_reserved_bytes": 14138998784, "rss_bytes": 3698896896}}
{"concurrency": 4, "wave": 3, "elapsed_s": 7.222009724006057, "complete_eos": 11, "cancelled": 1, "memory": {"cuda_allocated_bytes": 11157245952, "cuda_reserved_bytes": 14038335488, "cuda_peak_allocated_bytes": 11893477888, "cuda_peak_reserved_bytes": 14138998784, "rss_bytes": 3711467520}}
{"concurrency": 4, "wave": 4, "elapsed_s": 10.456242388114333, "complete_eos": 15, "cancelled": 1, "memory": {"cuda_allocated_bytes": 11157245952, "cuda_reserved_bytes": 14038335488, "cuda_peak_allocated_bytes": 11893477888, "cuda_peak_reserved_bytes": 14138998784, "rss_bytes": 3725541376}}
{"concurrency": 4, "wave": 5, "elapsed_s": 14.005945459008217, "complete_eos": 19, "cancelled": 1, "memory": {"cuda_allocated_bytes": 11157245952, "cuda_reserved_bytes": 14038335488, "cuda_peak_allocated_bytes": 12006650880, "cuda_peak_reserved_bytes": 14138998784, "rss_bytes": 3742797824}}
{"concurrency": 4, "wave": 6, "elapsed_s": 15.922650391235948, "complete_eos": 22, "cancelled": 2, "memory": {"cuda_allocated_bytes": 11157245952, "cuda_reserved_bytes": 14038335488, "cuda_peak_allocated_bytes": 12006650880, "cuda_peak_reserved_bytes": 14138998784, "rss_bytes": 3750281216}}
{"concurrency": 4, "wave": 7, "elapsed_s": 19.132091442123055, "complete_eos": 26, "cancelled": 2, "memory": {"cuda_allocated_bytes": 11157245952, "cuda_reserved_bytes": 14038335488, "cuda_peak_allocated_bytes": 12006650880, "cuda_peak_reserved_bytes": 14138998784, "rss_bytes": 3771211776}}
{"concurrency": 4, "wave": 8, "elapsed_s": 22.00831450521946, "complete_eos": 30, "cancelled": 2, "memory": {"cuda_allocated_bytes": 11157245952, "cuda_reserved_bytes": 14038335488, "cuda_peak_allocated_bytes": 12006650880, "cuda_peak_reserved_bytes": 14138998784, "rss_bytes": 3781001216}}
{"concurrency": 4, "wave": 9, "elapsed_s": 24.404070500284433, "complete_eos": 33, "cancelled": 3, "memory": {"cuda_allocated_bytes": 11157245952, "cuda_reserved_bytes": 14038335488, "cuda_peak_allocated_bytes": 12006650880, "cuda_peak_reserved_bytes": 14138998784, "rss_bytes": 3791724544}}
{"concurrency": 4, "wave": 10, "elapsed_s": 26.642438497394323, "complete_eos": 37, "cancelled": 3, "memory": {"cuda_allocated_bytes": 11157245952, "cuda_reserved_bytes": 14038335488, "cuda_peak_allocated_bytes": 12006650880, "cuda_peak_reserved_bytes": 14138998784, "rss_bytes": 3803533312}}
{"concurrency": 4, "wave": 11, "elapsed_s": 28.396476078778505, "complete_eos": 40, "cancelled": 4, "memory": {"cuda_allocated_bytes": 11157245952, "cuda_reserved_bytes": 14038335488, "cuda_peak_allocated_bytes": 12006650880, "cuda_peak_reserved_bytes": 14138998784, "rss_bytes": 3809415168}}
{"concurrency": 4, "wave": 12, "elapsed_s": 30.854409219697118, "complete_eos": 44, "cancelled": 4, "memory": {"cuda_allocated_bytes": 11157245952, "cuda_reserved_bytes": 14038335488, "cuda_peak_allocated_bytes": 12006650880, "cuda_peak_reserved_bytes": 14138998784, "rss_bytes": 3821772800}}
{"concurrency": 4, "wave": 13, "elapsed_s": 33.7327613402158, "complete_eos": 48, "cancelled": 4, "memory": {"cuda_allocated_bytes": 11157245952, "cuda_reserved_bytes": 14038335488, "cuda_peak_allocated_bytes": 12006650880, "cuda_peak_reserved_bytes": 14138998784, "rss_bytes": 3833782272}}
{"concurrency": 4, "wave": 14, "elapsed_s": 36.420341396704316, "complete_eos": 51, "cancelled": 5, "memory": {"cuda_allocated_bytes": 11157245952, "cuda_reserved_bytes": 14038335488, "cuda_peak_allocated_bytes": 12006650880, "cuda_peak_reserved_bytes": 14138998784, "rss_bytes": 3844259840}}
{"concurrency": 4, "wave": 15, "elapsed_s": 39.32236381992698, "complete_eos": 55, "cancelled": 5, "memory": {"cuda_allocated_bytes": 11157245952, "cuda_reserved_bytes": 14038335488, "cuda_peak_allocated_bytes": 12006650880, "cuda_peak_reserved_bytes": 14138998784, "rss_bytes": 3855695872}}
{"concurrency": 4, "wave": 16, "elapsed_s": 42.162109868600965, "complete_eos": 59, "cancelled": 5, "memory": {"cuda_allocated_bytes": 11157245952, "cuda_reserved_bytes": 14038335488, "cuda_peak_allocated_bytes": 12006650880, "cuda_peak_reserved_bytes": 14138998784, "rss_bytes": 3864608768}}
{"concurrency": 4, "wave": 17, "elapsed_s": 44.634618958458304, "complete_eos": 62, "cancelled": 6, "memory": {"cuda_allocated_bytes": 11157245952, "cuda_reserved_bytes": 14038335488, "cuda_peak_allocated_bytes": 12006650880, "cuda_peak_reserved_bytes": 14138998784, "rss_bytes": 3869855744}}
{"concurrency": 4, "wave": 18, "elapsed_s": 47.163495445623994, "complete_eos": 66, "cancelled": 6, "memory": {"cuda_allocated_bytes": 11157245952, "cuda_reserved_bytes": 14038335488, "cuda_peak_allocated_bytes": 12006650880, "cuda_peak_reserved_bytes": 14138998784, "rss_bytes": 3882405888}}
{"concurrency": 4, "wave": 19, "elapsed_s": 49.950297528877854, "complete_eos": 70, "cancelled": 6, "memory": {"cuda_allocated_bytes": 11157245952, "cuda_reserved_bytes": 14038335488, "cuda_peak_allocated_bytes": 12006650880, "cuda_peak_reserved_bytes": 14138998784, "rss_bytes": 3892248576}}
{"concurrency": 4, "wave": 20, "elapsed_s": 52.165879333391786, "complete_eos": 73, "cancelled": 7, "memory": {"cuda_allocated_bytes": 11157245952, "cuda_reserved_bytes": 14038335488, "cuda_peak_allocated_bytes": 12006650880, "cuda_peak_reserved_bytes": 14138998784, "rss_bytes": 3896553472}}
{"concurrency": 4, "wave": 21, "elapsed_s": 55.034741116687655, "complete_eos": 77, "cancelled": 7, "memory": {"cuda_allocated_bytes": 11157245952, "cuda_reserved_bytes": 14038335488, "cuda_peak_allocated_bytes": 12006650880, "cuda_peak_reserved_bytes": 14138998784, "rss_bytes": 3906793472}}
{"concurrency": 4, "wave": 22, "elapsed_s": 57.3633633479476, "complete_eos": 80, "cancelled": 8, "memory": {"cuda_allocated_bytes": 11157245952, "cuda_reserved_bytes": 14038335488, "cuda_peak_allocated_bytes": 12006650880, "cuda_peak_reserved_bytes": 14138998784, "rss_bytes": 3912736768}}
{"concurrency": 4, "wave": 23, "elapsed_s": 59.86401489377022, "complete_eos": 84, "cancelled": 8, "memory": {"cuda_allocated_bytes": 11157245952, "cuda_reserved_bytes": 14038335488, "cuda_peak_allocated_bytes": 12006650880, "cuda_peak_reserved_bytes": 14138998784, "rss_bytes": 3920580608}}
{"concurrency": 4, "wave": 24, "elapsed_s": 62.62267069146037, "complete_eos": 88, "cancelled": 8, "memory": {"cuda_allocated_bytes": 11157245952, "cuda_reserved_bytes": 14038335488, "cuda_peak_allocated_bytes": 12006650880, "cuda_peak_reserved_bytes": 14138998784, "rss_bytes": 3930750976}}
{"concurrency": 4, "wave": 25, "elapsed_s": 65.73988386802375, "complete_eos": 91, "cancelled": 9, "memory": {"cuda_allocated_bytes": 11157245952, "cuda_reserved_bytes": 14038335488, "cuda_peak_allocated_bytes": 12006650880, "cuda_peak_reserved_bytes": 14138998784, "rss_bytes": 3941011456}}
{"concurrency": 4, "wave": 26, "elapsed_s": 68.27575686201453, "complete_eos": 95, "cancelled": 9, "memory": {"cuda_allocated_bytes": 11157245952, "cuda_reserved_bytes": 14038335488, "cuda_peak_allocated_bytes": 12006650880, "cuda_peak_reserved_bytes": 14138998784, "rss_bytes": 3949477888}}
{"concurrency": 4, "wave": 27, "elapsed_s": 70.49506904184818, "complete_eos": 99, "cancelled": 9, "memory": {"cuda_allocated_bytes": 11157245952, "cuda_reserved_bytes": 14038335488, "cuda_peak_allocated_bytes": 12006650880, "cuda_peak_reserved_bytes": 14138998784, "rss_bytes": 3959365632}}
{"concurrency": 4, "wave": 28, "elapsed_s": 71.98647036589682, "complete_eos": 102, "cancelled": 10, "memory": {"cuda_allocated_bytes": 11157245952, "cuda_reserved_bytes": 14038335488, "cuda_peak_allocated_bytes": 12006650880, "cuda_peak_reserved_bytes": 14138998784, "rss_bytes": 3961749504}}
{"concurrency": 4, "wave": 29, "elapsed_s": 74.02302170731127, "complete_eos": 106, "cancelled": 10, "memory": {"cuda_allocated_bytes": 11157245952, "cuda_reserved_bytes": 14038335488, "cuda_peak_allocated_bytes": 12006650880, "cuda_peak_reserved_bytes": 14138998784, "rss_bytes": 3962638336}}
{"concurrency": 4, "wave": 30, "elapsed_s": 76.3409006409347, "complete_eos": 110, "cancelled": 10, "memory": {"cuda_allocated_bytes": 11157245952, "cuda_reserved_bytes": 14038335488, "cuda_peak_allocated_bytes": 12112987648, "cuda_peak_reserved_bytes": 14138998784, "rss_bytes": 3963928576}}
{"concurrency": 4, "wave": 31, "elapsed_s": 78.56023177690804, "complete_eos": 113, "cancelled": 11, "memory": {"cuda_allocated_bytes": 11157245952, "cuda_reserved_bytes": 14038335488, "cuda_peak_allocated_bytes": 12112987648, "cuda_peak_reserved_bytes": 14138998784, "rss_bytes": 3964338176}}
{"concurrency": 4, "wave": 32, "elapsed_s": 81.85416777059436, "complete_eos": 117, "cancelled": 11, "memory": {"cuda_allocated_bytes": 11157245952, "cuda_reserved_bytes": 14038335488, "cuda_peak_allocated_bytes": 12112987648, "cuda_peak_reserved_bytes": 14138998784, "rss_bytes": 3964731392}}
{"concurrency": 4, "wave": 33, "elapsed_s": 83.83927254937589, "complete_eos": 120, "cancelled": 12, "memory": {"cuda_allocated_bytes": 11157245952, "cuda_reserved_bytes": 14038335488, "cuda_peak_allocated_bytes": 12112987648, "cuda_peak_reserved_bytes": 14138998784, "rss_bytes": 3964731392}}
{"concurrency": 4, "wave": 34, "elapsed_s": 86.14785841852427, "complete_eos": 124, "cancelled": 12, "memory": {"cuda_allocated_bytes": 11157245952, "cuda_reserved_bytes": 14038335488, "cuda_peak_allocated_bytes": 12112987648, "cuda_peak_reserved_bytes": 14138998784, "rss_bytes": 3964760064}}
{"concurrency": 4, "wave": 35, "elapsed_s": 88.91340124420822, "complete_eos": 128, "cancelled": 12, "memory": {"cuda_allocated_bytes": 11157245952, "cuda_reserved_bytes": 14038335488, "cuda_peak_allocated_bytes": 12112987648, "cuda_peak_reserved_bytes": 14138998784, "rss_bytes": 3965280256}}
{"concurrency": 4, "wave": 36, "elapsed_s": 91.09484316594899, "complete_eos": 131, "cancelled": 13, "memory": {"cuda_allocated_bytes": 11157245952, "cuda_reserved_bytes": 14038335488, "cuda_peak_allocated_bytes": 12112987648, "cuda_peak_reserved_bytes": 14138998784, "rss_bytes": 3965440000}}
{"concurrency": 4, "wave": 37, "elapsed_s": 93.73248560540378, "complete_eos": 135, "cancelled": 13, "memory": {"cuda_allocated_bytes": 11157245952, "cuda_reserved_bytes": 14038335488, "cuda_peak_allocated_bytes": 12112987648, "cuda_peak_reserved_bytes": 14138998784, "rss_bytes": 3965947904}}
{"concurrency": 4, "wave": 38, "elapsed_s": 96.9953474663198, "complete_eos": 139, "cancelled": 13, "memory": {"cuda_allocated_bytes": 11157245952, "cuda_reserved_bytes": 14038335488, "cuda_peak_allocated_bytes": 12112987648, "cuda_peak_reserved_bytes": 14138998784, "rss_bytes": 3966210048}}
{"concurrency": 4, "wave": 39, "elapsed_s": 99.57299004867673, "complete_eos": 142, "cancelled": 14, "memory": {"cuda_allocated_bytes": 11157245952, "cuda_reserved_bytes": 14038335488, "cuda_peak_allocated_bytes": 12112987648, "cuda_peak_reserved_bytes": 14138998784, "rss_bytes": 3966308352}}
{"concurrency": 4, "wave": 40, "elapsed_s": 102.6120172701776, "complete_eos": 146, "cancelled": 14, "memory": {"cuda_allocated_bytes": 11157245952, "cuda_reserved_bytes": 14038335488, "cuda_peak_allocated_bytes": 12112987648, "cuda_peak_reserved_bytes": 14138998784, "rss_bytes": 3967426560}}
{"concurrency": 4, "wave": 41, "elapsed_s": 105.6208617798984, "complete_eos": 150, "cancelled": 14, "memory": {"cuda_allocated_bytes": 11157245952, "cuda_reserved_bytes": 14038335488, "cuda_peak_allocated_bytes": 12112987648, "cuda_peak_reserved_bytes": 14138998784, "rss_bytes": 3967426560}}
{"concurrency": 4, "wave": 42, "elapsed_s": 107.61023814603686, "complete_eos": 153, "cancelled": 15, "memory": {"cuda_allocated_bytes": 11157245952, "cuda_reserved_bytes": 14038335488, "cuda_peak_allocated_bytes": 12112987648, "cuda_peak_reserved_bytes": 14138998784, "rss_bytes": 3967426560}}
{"concurrency": 4, "wave": 43, "elapsed_s": 110.15163936465979, "complete_eos": 157, "cancelled": 15, "memory": {"cuda_allocated_bytes": 11157245952, "cuda_reserved_bytes": 14038335488, "cuda_peak_allocated_bytes": 12112987648, "cuda_peak_reserved_bytes": 14138998784, "rss_bytes": 3967836160}}
{"concurrency": 4, "wave": 44, "elapsed_s": 112.27957037650049, "complete_eos": 160, "cancelled": 16, "memory": {"cuda_allocated_bytes": 11157245952, "cuda_reserved_bytes": 14038335488, "cuda_peak_allocated_bytes": 12112987648, "cuda_peak_reserved_bytes": 14138998784, "rss_bytes": 3967836160}}
{"concurrency": 4, "wave": 45, "elapsed_s": 115.37625805661082, "complete_eos": 164, "cancelled": 16, "memory": {"cuda_allocated_bytes": 11157245952, "cuda_reserved_bytes": 14038335488, "cuda_peak_allocated_bytes": 12112987648, "cuda_peak_reserved_bytes": 14138998784, "rss_bytes": 3967967232}}
{"concurrency": 4, "wave": 46, "elapsed_s": 118.73928543366492, "complete_eos": 168, "cancelled": 16, "memory": {"cuda_allocated_bytes": 11157245952, "cuda_reserved_bytes": 14038335488, "cuda_peak_allocated_bytes": 12112987648, "cuda_peak_reserved_bytes": 14138998784, "rss_bytes": 3968790528}}
{"concurrency": 4, "wave": 47, "elapsed_s": 120.77971296571195, "complete_eos": 171, "cancelled": 17, "memory": {"cuda_allocated_bytes": 11157245952, "cuda_reserved_bytes": 14038335488, "cuda_peak_allocated_bytes": 12112987648, "cuda_peak_reserved_bytes": 14138998784, "rss_bytes": 3968790528}}
{"concurrency": 4, "wave": 48, "elapsed_s": 123.67170054093003, "complete_eos": 175, "cancelled": 17, "memory": {"cuda_allocated_bytes": 11157245952, "cuda_reserved_bytes": 14038335488, "cuda_peak_allocated_bytes": 12112987648, "cuda_peak_reserved_bytes": 14138998784, "rss_bytes": 3969789952}}
{"concurrency": 4, "wave": 49, "elapsed_s": 126.24776582047343, "complete_eos": 179, "cancelled": 17, "memory": {"cuda_allocated_bytes": 11157245952, "cuda_reserved_bytes": 14038335488, "cuda_peak_allocated_bytes": 12112987648, "cuda_peak_reserved_bytes": 14138998784, "rss_bytes": 3970183168}}
{"concurrency": 4, "wave": 50, "elapsed_s": 128.31606599502265, "complete_eos": 182, "cancelled": 18, "memory": {"cuda_allocated_bytes": 11157245952, "cuda_reserved_bytes": 14038335488, "cuda_peak_allocated_bytes": 12112987648, "cuda_peak_reserved_bytes": 14138998784, "rss_bytes": 3970203648}}
{"concurrency": 4, "wave": 51, "elapsed_s": 130.78590614162385, "complete_eos": 186, "cancelled": 18, "memory": {"cuda_allocated_bytes": 11157245952, "cuda_reserved_bytes": 14038335488, "cuda_peak_allocated_bytes": 12112987648, "cuda_peak_reserved_bytes": 14138998784, "rss_bytes": 3970654208}}
{"concurrency": 4, "wave": 52, "elapsed_s": 133.52248822711408, "complete_eos": 190, "cancelled": 18, "memory": {"cuda_allocated_bytes": 11157245952, "cuda_reserved_bytes": 14038335488, "cuda_peak_allocated_bytes": 12112987648, "cuda_peak_reserved_bytes": 14138998784, "rss_bytes": 3970723840}}
{"concurrency": 4, "wave": 53, "elapsed_s": 135.94215299747884, "complete_eos": 193, "cancelled": 19, "memory": {"cuda_allocated_bytes": 11157245952, "cuda_reserved_bytes": 14040432640, "cuda_peak_allocated_bytes": 12112987648, "cuda_peak_reserved_bytes": 14138998784, "rss_bytes": 3970723840}}
{"concurrency": 4, "wave": 54, "elapsed_s": 138.03857082873583, "complete_eos": 197, "cancelled": 19, "memory": {"cuda_allocated_bytes": 11157245952, "cuda_reserved_bytes": 14040432640, "cuda_peak_allocated_bytes": 12112987648, "cuda_peak_reserved_bytes": 14138998784, "rss_bytes": 3971170304}}
{"concurrency": 4, "wave": 55, "elapsed_s": 141.40227499976754, "complete_eos": 200, "cancelled": 20, "memory": {"cuda_allocated_bytes": 11157245952, "cuda_reserved_bytes": 14040432640, "cuda_peak_allocated_bytes": 12112987648, "cuda_peak_reserved_bytes": 14138998784, "rss_bytes": 3971739648}}
{"concurrency": 4, "wave": 56, "elapsed_s": 144.0842721387744, "complete_eos": 204, "cancelled": 20, "memory": {"cuda_allocated_bytes": 11157245952, "cuda_reserved_bytes": 14040432640, "cuda_peak_allocated_bytes": 12112987648, "cuda_peak_reserved_bytes": 14138998784, "rss_bytes": 3972128768}}
{"concurrency": 4, "wave": 57, "elapsed_s": 146.75043297559023, "complete_eos": 208, "cancelled": 20, "memory": {"cuda_allocated_bytes": 11157245952, "cuda_reserved_bytes": 14040432640, "cuda_peak_allocated_bytes": 12112987648, "cuda_peak_reserved_bytes": 14138998784, "rss_bytes": 3972128768}}
{"concurrency": 4, "wave": 58, "elapsed_s": 148.92554984241724, "complete_eos": 211, "cancelled": 21, "memory": {"cuda_allocated_bytes": 11157245952, "cuda_reserved_bytes": 14040432640, "cuda_peak_allocated_bytes": 12112987648, "cuda_peak_reserved_bytes": 14138998784, "rss_bytes": 3972190208}}
{"concurrency": 4, "wave": 59, "elapsed_s": 151.5950663201511, "complete_eos": 215, "cancelled": 21, "memory": {"cuda_allocated_bytes": 11157245952, "cuda_reserved_bytes": 14040432640, "cuda_peak_allocated_bytes": 12112987648, "cuda_peak_reserved_bytes": 14138998784, "rss_bytes": 3972866048}}
{"concurrency": 4, "wave": 60, "elapsed_s": 154.62895043939352, "complete_eos": 219, "cancelled": 21, "memory": {"cuda_allocated_bytes": 11157245952, "cuda_reserved_bytes": 14040432640, "cuda_peak_allocated_bytes": 12112987648, "cuda_peak_reserved_bytes": 14138998784, "rss_bytes": 3973107712}}
{"concurrency": 4, "wave": 61, "elapsed_s": 156.92594739422202, "complete_eos": 222, "cancelled": 22, "memory": {"cuda_allocated_bytes": 11157245952, "cuda_reserved_bytes": 14040432640, "cuda_peak_allocated_bytes": 12112987648, "cuda_peak_reserved_bytes": 14138998784, "rss_bytes": 3973107712}}
{"concurrency": 4, "wave": 62, "elapsed_s": 159.01703073829412, "complete_eos": 226, "cancelled": 22, "memory": {"cuda_allocated_bytes": 11157245952, "cuda_reserved_bytes": 14040432640, "cuda_peak_allocated_bytes": 12112987648, "cuda_peak_reserved_bytes": 14138998784, "rss_bytes": 3973107712}}
{"concurrency": 4, "wave": 63, "elapsed_s": 161.25345611199737, "complete_eos": 230, "cancelled": 22, "memory": {"cuda_allocated_bytes": 11157245952, "cuda_reserved_bytes": 14040432640, "cuda_peak_allocated_bytes": 12112987648, "cuda_peak_reserved_bytes": 14138998784, "rss_bytes": 3973107712}}
{"concurrency": 4, "wave": 64, "elapsed_s": 163.03392325341702, "complete_eos": 233, "cancelled": 23, "memory": {"cuda_allocated_bytes": 11157245952, "cuda_reserved_bytes": 14040432640, "cuda_peak_allocated_bytes": 12112987648, "cuda_peak_reserved_bytes": 14138998784, "rss_bytes": 3973107712}}
{"concurrency": 4, "wave": 65, "elapsed_s": 164.99667632952332, "complete_eos": 237, "cancelled": 23, "memory": {"cuda_allocated_bytes": 11157245952, "cuda_reserved_bytes": 14040432640, "cuda_peak_allocated_bytes": 12112987648, "cuda_peak_reserved_bytes": 14138998784, "rss_bytes": 3973107712}}
{"concurrency": 4, "wave": 66, "elapsed_s": 166.80583785288036, "complete_eos": 240, "cancelled": 24, "memory": {"cuda_allocated_bytes": 11157245952, "cuda_reserved_bytes": 14040432640, "cuda_peak_allocated_bytes": 12112987648, "cuda_peak_reserved_bytes": 14138998784, "rss_bytes": 3973107712}}
{"concurrency": 4, "wave": 67, "elapsed_s": 168.9006702043116, "complete_eos": 244, "cancelled": 24, "memory": {"cuda_allocated_bytes": 11157245952, "cuda_reserved_bytes": 14040432640, "cuda_peak_allocated_bytes": 12112987648, "cuda_peak_reserved_bytes": 14138998784, "rss_bytes": 3973443584}}
{"concurrency": 4, "wave": 68, "elapsed_s": 171.12724559381604, "complete_eos": 248, "cancelled": 24, "memory": {"cuda_allocated_bytes": 11157245952, "cuda_reserved_bytes": 14040432640, "cuda_peak_allocated_bytes": 12112987648, "cuda_peak_reserved_bytes": 14138998784, "rss_bytes": 3973656576}}
{"concurrency": 4, "wave": 69, "elapsed_s": 173.4370384272188, "complete_eos": 251, "cancelled": 25, "memory": {"cuda_allocated_bytes": 11157245952, "cuda_reserved_bytes": 14040432640, "cuda_peak_allocated_bytes": 12112987648, "cuda_peak_reserved_bytes": 14138998784, "rss_bytes": 3973980160}}
{"concurrency": 4, "wave": 70, "elapsed_s": 175.71783111989498, "complete_eos": 255, "cancelled": 25, "memory": {"cuda_allocated_bytes": 11157245952, "cuda_reserved_bytes": 14040432640, "cuda_peak_allocated_bytes": 12112987648, "cuda_peak_reserved_bytes": 14138998784, "rss_bytes": 3974029312}}
{"concurrency": 4, "wave": 71, "elapsed_s": 178.35411431454122, "complete_eos": 259, "cancelled": 25, "memory": {"cuda_allocated_bytes": 11157245952, "cuda_reserved_bytes": 14040432640, "cuda_peak_allocated_bytes": 12112987648, "cuda_peak_reserved_bytes": 14138998784, "rss_bytes": 3974385664}}
{"concurrency": 4, "wave": 72, "elapsed_s": 181.4004461094737, "complete_eos": 262, "cancelled": 26, "memory": {"cuda_allocated_bytes": 11157245952, "cuda_reserved_bytes": 14040432640, "cuda_peak_allocated_bytes": 12112987648, "cuda_peak_reserved_bytes": 14138998784, "rss_bytes": 3974385664}}
{"concurrency": 4, "wave": 73, "elapsed_s": 183.31971088051796, "complete_eos": 266, "cancelled": 26, "memory": {"cuda_allocated_bytes": 11157245952, "cuda_reserved_bytes": 14040432640, "cuda_peak_allocated_bytes": 12112987648, "cuda_peak_reserved_bytes": 14138998784, "rss_bytes": 3974799360}}
{"concurrency": 4, "wave": 74, "elapsed_s": 185.9925344362855, "complete_eos": 270, "cancelled": 26, "memory": {"cuda_allocated_bytes": 11157245952, "cuda_reserved_bytes": 14040432640, "cuda_peak_allocated_bytes": 12112987648, "cuda_peak_reserved_bytes": 14138998784, "rss_bytes": 3974799360}}
{"concurrency": 4, "wave": 75, "elapsed_s": 187.77923560887575, "complete_eos": 273, "cancelled": 27, "memory": {"cuda_allocated_bytes": 11157245952, "cuda_reserved_bytes": 14040432640, "cuda_peak_allocated_bytes": 12112987648, "cuda_peak_reserved_bytes": 14138998784, "rss_bytes": 3974799360}}
{"concurrency": 4, "wave": 76, "elapsed_s": 190.57295938953757, "complete_eos": 277, "cancelled": 27, "memory": {"cuda_allocated_bytes": 11157245952, "cuda_reserved_bytes": 14040432640, "cuda_peak_allocated_bytes": 12112987648, "cuda_peak_reserved_bytes": 14138998784, "rss_bytes": 3975249920}}
{"concurrency": 4, "wave": 77, "elapsed_s": 192.3557541873306, "complete_eos": 280, "cancelled": 28, "memory": {"cuda_allocated_bytes": 11157245952, "cuda_reserved_bytes": 14040432640, "cuda_peak_allocated_bytes": 12112987648, "cuda_peak_reserved_bytes": 14138998784, "rss_bytes": 3975249920}}
{"concurrency": 4, "wave": 78, "elapsed_s": 194.6938366163522, "complete_eos": 284, "cancelled": 28, "memory": {"cuda_allocated_bytes": 11157245952, "cuda_reserved_bytes": 14040432640, "cuda_peak_allocated_bytes": 12112987648, "cuda_peak_reserved_bytes": 14138998784, "rss_bytes": 3975249920}}
{"concurrency": 4, "wave": 79, "elapsed_s": 197.35421550273895, "complete_eos": 288, "cancelled": 28, "memory": {"cuda_allocated_bytes": 11157245952, "cuda_reserved_bytes": 14040432640, "cuda_peak_allocated_bytes": 12112987648, "cuda_peak_reserved_bytes": 14138998784, "rss_bytes": 3975274496}}
{"concurrency": 4, "wave": 80, "elapsed_s": 199.32655620761216, "complete_eos": 291, "cancelled": 29, "memory": {"cuda_allocated_bytes": 11157245952, "cuda_reserved_bytes": 14040432640, "cuda_peak_allocated_bytes": 12112987648, "cuda_peak_reserved_bytes": 14138998784, "rss_bytes": 3975753728}}
{"concurrency": 4, "wave": 81, "elapsed_s": 201.24989458732307, "complete_eos": 295, "cancelled": 29, "memory": {"cuda_allocated_bytes": 11157245952, "cuda_reserved_bytes": 14040432640, "cuda_peak_allocated_bytes": 12112987648, "cuda_peak_reserved_bytes": 14138998784, "rss_bytes": 3975753728}}
{"concurrency": 4, "wave": 82, "elapsed_s": 203.7558001819998, "complete_eos": 299, "cancelled": 29, "memory": {"cuda_allocated_bytes": 11157245952, "cuda_reserved_bytes": 14040432640, "cuda_peak_allocated_bytes": 12112987648, "cuda_peak_reserved_bytes": 14138998784, "rss_bytes": 3975979008}}
{"concurrency": 4, "wave": 83, "elapsed_s": 205.57775881886482, "complete_eos": 302, "cancelled": 30, "memory": {"cuda_allocated_bytes": 11157245952, "cuda_reserved_bytes": 14040432640, "cuda_peak_allocated_bytes": 12112987648, "cuda_peak_reserved_bytes": 14138998784, "rss_bytes": 3975979008}}
{"concurrency": 4, "wave": 84, "elapsed_s": 207.56244964711368, "complete_eos": 306, "cancelled": 30, "memory": {"cuda_allocated_bytes": 11157245952, "cuda_reserved_bytes": 14040432640, "cuda_peak_allocated_bytes": 12112987648, "cuda_peak_reserved_bytes": 14138998784, "rss_bytes": 3975979008}}
{"concurrency": 4, "wave": 85, "elapsed_s": 209.92804629728198, "complete_eos": 310, "cancelled": 30, "memory": {"cuda_allocated_bytes": 11157245952, "cuda_reserved_bytes": 14040432640, "cuda_peak_allocated_bytes": 12112987648, "cuda_peak_reserved_bytes": 14138998784, "rss_bytes": 3975979008}}
{"concurrency": 4, "wave": 86, "elapsed_s": 212.02816309779882, "complete_eos": 313, "cancelled": 31, "memory": {"cuda_allocated_bytes": 11157245952, "cuda_reserved_bytes": 14040432640, "cuda_peak_allocated_bytes": 12112987648, "cuda_peak_reserved_bytes": 14138998784, "rss_bytes": 3976122368}}
{"concurrency": 4, "wave": 87, "elapsed_s": 214.49771588668227, "complete_eos": 317, "cancelled": 31, "memory": {"cuda_allocated_bytes": 11157245952, "cuda_reserved_bytes": 14040432640, "cuda_peak_allocated_bytes": 12112987648, "cuda_peak_reserved_bytes": 14138998784, "rss_bytes": 3976146944}}
{"concurrency": 4, "wave": 88, "elapsed_s": 216.46538754738867, "complete_eos": 320, "cancelled": 32, "memory": {"cuda_allocated_bytes": 11157245952, "cuda_reserved_bytes": 14040432640, "cuda_peak_allocated_bytes": 12112987648, "cuda_peak_reserved_bytes": 14138998784, "rss_bytes": 3976626176}}
{"concurrency": 4, "wave": 89, "elapsed_s": 219.37629570439458, "complete_eos": 324, "cancelled": 32, "memory": {"cuda_allocated_bytes": 11157245952, "cuda_reserved_bytes": 14040432640, "cuda_peak_allocated_bytes": 12112987648, "cuda_peak_reserved_bytes": 14138998784, "rss_bytes": 3976626176}}
{"concurrency": 4, "wave": 90, "elapsed_s": 221.6207916419953, "complete_eos": 328, "cancelled": 32, "memory": {"cuda_allocated_bytes": 11157245952, "cuda_reserved_bytes": 14040432640, "cuda_peak_allocated_bytes": 12112987648, "cuda_peak_reserved_bytes": 14138998784, "rss_bytes": 3976687616}}
{"concurrency": 4, "wave": 91, "elapsed_s": 223.70303199067712, "complete_eos": 331, "cancelled": 33, "memory": {"cuda_allocated_bytes": 11157245952, "cuda_reserved_bytes": 14040432640, "cuda_peak_allocated_bytes": 12112987648, "cuda_peak_reserved_bytes": 14138998784, "rss_bytes": 3976687616}}
{"concurrency": 4, "wave": 92, "elapsed_s": 225.94764901138842, "complete_eos": 335, "cancelled": 33, "memory": {"cuda_allocated_bytes": 11157245952, "cuda_reserved_bytes": 14040432640, "cuda_peak_allocated_bytes": 12112987648, "cuda_peak_reserved_bytes": 14138998784, "rss_bytes": 3977359360}}
{"concurrency": 4, "wave": 93, "elapsed_s": 227.92865657433867, "complete_eos": 339, "cancelled": 33, "memory": {"cuda_allocated_bytes": 11157245952, "cuda_reserved_bytes": 14040432640, "cuda_peak_allocated_bytes": 12112987648, "cuda_peak_reserved_bytes": 14138998784, "rss_bytes": 3977359360}}
{"concurrency": 4, "wave": 94, "elapsed_s": 230.14791656844318, "complete_eos": 342, "cancelled": 34, "memory": {"cuda_allocated_bytes": 11157245952, "cuda_reserved_bytes": 14040432640, "cuda_peak_allocated_bytes": 12112987648, "cuda_peak_reserved_bytes": 14138998784, "rss_bytes": 3978031104}}
{"concurrency": 4, "wave": 95, "elapsed_s": 232.7960038986057, "complete_eos": 346, "cancelled": 34, "memory": {"cuda_allocated_bytes": 11157245952, "cuda_reserved_bytes": 14040432640, "cuda_peak_allocated_bytes": 12112987648, "cuda_peak_reserved_bytes": 14138998784, "rss_bytes": 3978039296}}
{"concurrency": 4, "wave": 96, "elapsed_s": 235.01716083288193, "complete_eos": 350, "cancelled": 34, "memory": {"cuda_allocated_bytes": 11157245952, "cuda_reserved_bytes": 14040432640, "cuda_peak_allocated_bytes": 12112987648, "cuda_peak_reserved_bytes": 14138998784, "rss_bytes": 3978063872}}
{"concurrency": 4, "wave": 97, "elapsed_s": 237.8654694110155, "complete_eos": 353, "cancelled": 35, "memory": {"cuda_allocated_bytes": 11157245952, "cuda_reserved_bytes": 14040432640, "cuda_peak_allocated_bytes": 12112987648, "cuda_peak_reserved_bytes": 14138998784, "rss_bytes": 3978063872}}
{"concurrency": 4, "wave": 98, "elapsed_s": 240.1129648424685, "complete_eos": 357, "cancelled": 35, "memory": {"cuda_allocated_bytes": 11157245952, "cuda_reserved_bytes": 14040432640, "cuda_peak_allocated_bytes": 12112987648, "cuda_peak_reserved_bytes": 14138998784, "rss_bytes": 3978063872}}
{"concurrency": 4, "wave": 99, "elapsed_s": 242.06389019452035, "complete_eos": 360, "cancelled": 36, "memory": {"cuda_allocated_bytes": 11157245952, "cuda_reserved_bytes": 14040432640, "cuda_peak_allocated_bytes": 12112987648, "cuda_peak_reserved_bytes": 14138998784, "rss_bytes": 3978276864}}
{"concurrency": 4, "wave": 100, "elapsed_s": 244.7031741347164, "complete_eos": 364, "cancelled": 36, "memory": {"cuda_allocated_bytes": 11157245952, "cuda_reserved_bytes": 14040432640, "cuda_peak_allocated_bytes": 12112987648, "cuda_peak_reserved_bytes": 14138998784, "rss_bytes": 3978338304}}
{"concurrency": 4, "wave": 101, "elapsed_s": 247.04052592255175, "complete_eos": 368, "cancelled": 36, "memory": {"cuda_allocated_bytes": 11157245952, "cuda_reserved_bytes": 14040432640, "cuda_peak_allocated_bytes": 12112987648, "cuda_peak_reserved_bytes": 14138998784, "rss_bytes": 3978338304}}
{"concurrency": 4, "wave": 102, "elapsed_s": 249.31550657004118, "complete_eos": 371, "cancelled": 37, "memory": {"cuda_allocated_bytes": 11157245952, "cuda_reserved_bytes": 14040432640, "cuda_peak_allocated_bytes": 12112987648, "cuda_peak_reserved_bytes": 14138998784, "rss_bytes": 3978338304}}
{"concurrency": 4, "wave": 103, "elapsed_s": 252.1473916824907, "complete_eos": 375, "cancelled": 37, "memory": {"cuda_allocated_bytes": 11157245952, "cuda_reserved_bytes": 14040432640, "cuda_peak_allocated_bytes": 12112987648, "cuda_peak_reserved_bytes": 14138998784, "rss_bytes": 3978559488}}
{"concurrency": 4, "wave": 104, "elapsed_s": 254.93280619196594, "complete_eos": 379, "cancelled": 37, "memory": {"cuda_allocated_bytes": 11157245952, "cuda_reserved_bytes": 14040432640, "cuda_peak_allocated_bytes": 12112987648, "cuda_peak_reserved_bytes": 14138998784, "rss_bytes": 3978690560}}
{"concurrency": 4, "wave": 105, "elapsed_s": 258.1257030852139, "complete_eos": 382, "cancelled": 38, "memory": {"cuda_allocated_bytes": 11157245952, "cuda_reserved_bytes": 14040432640, "cuda_peak_allocated_bytes": 12112987648, "cuda_peak_reserved_bytes": 14138998784, "rss_bytes": 3978690560}}
{"concurrency": 4, "wave": 106, "elapsed_s": 260.71439041011035, "complete_eos": 386, "cancelled": 38, "memory": {"cuda_allocated_bytes": 11157245952, "cuda_reserved_bytes": 14040432640, "cuda_peak_allocated_bytes": 12112987648, "cuda_peak_reserved_bytes": 14138998784, "rss_bytes": 3978866688}}
{"concurrency": 4, "wave": 107, "elapsed_s": 263.7450416330248, "complete_eos": 390, "cancelled": 38, "memory": {"cuda_allocated_bytes": 11157245952, "cuda_reserved_bytes": 14040432640, "cuda_peak_allocated_bytes": 12112987648, "cuda_peak_reserved_bytes": 14138998784, "rss_bytes": 3978993664}}
{"concurrency": 4, "wave": 108, "elapsed_s": 265.86229142174125, "complete_eos": 393, "cancelled": 39, "memory": {"cuda_allocated_bytes": 11157245952, "cuda_reserved_bytes": 14040432640, "cuda_peak_allocated_bytes": 12112987648, "cuda_peak_reserved_bytes": 14138998784, "rss_bytes": 3978993664}}
{"concurrency": 4, "wave": 109, "elapsed_s": 269.198405392468, "complete_eos": 397, "cancelled": 39, "memory": {"cuda_allocated_bytes": 11157245952, "cuda_reserved_bytes": 14040432640, "cuda_peak_allocated_bytes": 12112987648, "cuda_peak_reserved_bytes": 14138998784, "rss_bytes": 3979272192}}
{"concurrency": 4, "wave": 110, "elapsed_s": 271.5863703992218, "complete_eos": 400, "cancelled": 40, "memory": {"cuda_allocated_bytes": 11157245952, "cuda_reserved_bytes": 14040432640, "cuda_peak_allocated_bytes": 12112987648, "cuda_peak_reserved_bytes": 14138998784, "rss_bytes": 3979272192}}
{"concurrency": 4, "wave": 111, "elapsed_s": 274.65627697482705, "complete_eos": 404, "cancelled": 40, "memory": {"cuda_allocated_bytes": 11157245952, "cuda_reserved_bytes": 14040432640, "cuda_peak_allocated_bytes": 12112987648, "cuda_peak_reserved_bytes": 14138998784, "rss_bytes": 3979272192}}
{"concurrency": 4, "wave": 112, "elapsed_s": 276.9305688086897, "complete_eos": 408, "cancelled": 40, "memory": {"cuda_allocated_bytes": 11157245952, "cuda_reserved_bytes": 14040432640, "cuda_peak_allocated_bytes": 12112987648, "cuda_peak_reserved_bytes": 14138998784, "rss_bytes": 3979272192}}
{"concurrency": 4, "wave": 113, "elapsed_s": 279.62029285542667, "complete_eos": 411, "cancelled": 41, "memory": {"cuda_allocated_bytes": 11157245952, "cuda_reserved_bytes": 14040432640, "cuda_peak_allocated_bytes": 12112987648, "cuda_peak_reserved_bytes": 14138998784, "rss_bytes": 3979386880}}
{"concurrency": 4, "wave": 114, "elapsed_s": 281.8695506863296, "complete_eos": 415, "cancelled": 41, "memory": {"cuda_allocated_bytes": 11157245952, "cuda_reserved_bytes": 14040432640, "cuda_peak_allocated_bytes": 12112987648, "cuda_peak_reserved_bytes": 14138998784, "rss_bytes": 3979501568}}
{"concurrency": 4, "wave": 115, "elapsed_s": 284.44675106182694, "complete_eos": 419, "cancelled": 41, "memory": {"cuda_allocated_bytes": 11157245952, "cuda_reserved_bytes": 14040432640, "cuda_peak_allocated_bytes": 12112987648, "cuda_peak_reserved_bytes": 14138998784, "rss_bytes": 3979501568}}
{"concurrency": 4, "wave": 116, "elapsed_s": 287.09771253168583, "complete_eos": 422, "cancelled": 42, "memory": {"cuda_allocated_bytes": 11157245952, "cuda_reserved_bytes": 14040432640, "cuda_peak_allocated_bytes": 12112987648, "cuda_peak_reserved_bytes": 14138998784, "rss_bytes": 3979706368}}
{"concurrency": 4, "wave": 117, "elapsed_s": 289.8243388570845, "complete_eos": 426, "cancelled": 42, "memory": {"cuda_allocated_bytes": 11157245952, "cuda_reserved_bytes": 14040432640, "cuda_peak_allocated_bytes": 12112987648, "cuda_peak_reserved_bytes": 14138998784, "rss_bytes": 3979878400}}
{"concurrency": 4, "wave": 118, "elapsed_s": 292.3689200505614, "complete_eos": 430, "cancelled": 42, "memory": {"cuda_allocated_bytes": 11157245952, "cuda_reserved_bytes": 14040432640, "cuda_peak_allocated_bytes": 12112987648, "cuda_peak_reserved_bytes": 14138998784, "rss_bytes": 3979878400}}
{"concurrency": 4, "wave": 119, "elapsed_s": 295.47362140007317, "complete_eos": 433, "cancelled": 43, "memory": {"cuda_allocated_bytes": 11157245952, "cuda_reserved_bytes": 14040432640, "cuda_peak_allocated_bytes": 12112987648, "cuda_peak_reserved_bytes": 14138998784, "rss_bytes": 3980357632}}
{"concurrency": 4, "wave": 120, "elapsed_s": 298.2425330039114, "complete_eos": 437, "cancelled": 43, "memory": {"cuda_allocated_bytes": 11157245952, "cuda_reserved_bytes": 14040432640, "cuda_peak_allocated_bytes": 12112987648, "cuda_peak_reserved_bytes": 14138998784, "rss_bytes": 3980357632}}
{"concurrency": 4, "wave": 121, "elapsed_s": 300.1951892655343, "complete_eos": 440, "cancelled": 44, "memory": {"cuda_allocated_bytes": 11157245952, "cuda_reserved_bytes": 14040432640, "cuda_peak_allocated_bytes": 12112987648, "cuda_peak_reserved_bytes": 14138998784, "rss_bytes": 3980357632}}
{"concurrency": 4, "wave": 122, "elapsed_s": 302.6891084089875, "complete_eos": 444, "cancelled": 44, "memory": {"cuda_allocated_bytes": 11157245952, "cuda_reserved_bytes": 14040432640, "cuda_peak_allocated_bytes": 12112987648, "cuda_peak_reserved_bytes": 14138998784, "rss_bytes": 3980357632}}
{"concurrency": 4, "wave": 123, "elapsed_s": 305.72300162166357, "complete_eos": 448, "cancelled": 44, "memory": {"cuda_allocated_bytes": 11157245952, "cuda_reserved_bytes": 14040432640, "cuda_peak_allocated_bytes": 12112987648, "cuda_peak_reserved_bytes": 14138998784, "rss_bytes": 3980857344}}
{"concurrency": 4, "wave": 124, "elapsed_s": 308.0502102468163, "complete_eos": 451, "cancelled": 45, "memory": {"cuda_allocated_bytes": 11157245952, "cuda_reserved_bytes": 14040432640, "cuda_peak_allocated_bytes": 12112987648, "cuda_peak_reserved_bytes": 14138998784, "rss_bytes": 3981496320}}
{"concurrency": 4, "wave": 125, "elapsed_s": 310.8184566181153, "complete_eos": 455, "cancelled": 45, "memory": {"cuda_allocated_bytes": 11157245952, "cuda_reserved_bytes": 14040432640, "cuda_peak_allocated_bytes": 12112987648, "cuda_peak_reserved_bytes": 14138998784, "rss_bytes": 3981496320}}
{"concurrency": 4, "wave": 126, "elapsed_s": 313.4746442306787, "complete_eos": 459, "cancelled": 45, "memory": {"cuda_allocated_bytes": 11157245952, "cuda_reserved_bytes": 14040432640, "cuda_peak_allocated_bytes": 12112987648, "cuda_peak_reserved_bytes": 14138998784, "rss_bytes": 3981496320}}
{"concurrency": 4, "wave": 127, "elapsed_s": 316.7603145297617, "complete_eos": 462, "cancelled": 46, "memory": {"cuda_allocated_bytes": 11157245952, "cuda_reserved_bytes": 14040432640, "cuda_peak_allocated_bytes": 12112987648, "cuda_peak_reserved_bytes": 14138998784, "rss_bytes": 3981496320}}
{"concurrency": 4, "wave": 128, "elapsed_s": 320.00111078843474, "complete_eos": 466, "cancelled": 46, "memory": {"cuda_allocated_bytes": 11157245952, "cuda_reserved_bytes": 14040432640, "cuda_peak_allocated_bytes": 12112987648, "cuda_peak_reserved_bytes": 14138998784, "rss_bytes": 3981520896}}
{"concurrency": 4, "wave": 129, "elapsed_s": 322.9257705938071, "complete_eos": 470, "cancelled": 46, "memory": {"cuda_allocated_bytes": 11157245952, "cuda_reserved_bytes": 14040432640, "cuda_peak_allocated_bytes": 12112987648, "cuda_peak_reserved_bytes": 14138998784, "rss_bytes": 3981520896}}
{"concurrency": 4, "wave": 130, "elapsed_s": 325.16066810674965, "complete_eos": 473, "cancelled": 47, "memory": {"cuda_allocated_bytes": 11157245952, "cuda_reserved_bytes": 14040432640, "cuda_peak_allocated_bytes": 12112987648, "cuda_peak_reserved_bytes": 14138998784, "rss_bytes": 3981520896}}
{"concurrency": 4, "wave": 131, "elapsed_s": 327.9149025063962, "complete_eos": 477, "cancelled": 47, "memory": {"cuda_allocated_bytes": 11157245952, "cuda_reserved_bytes": 14040432640, "cuda_peak_allocated_bytes": 12112987648, "cuda_peak_reserved_bytes": 14138998784, "rss_bytes": 3981520896}}
{"concurrency": 4, "wave": 132, "elapsed_s": 330.1504926327616, "complete_eos": 480, "cancelled": 48, "memory": {"cuda_allocated_bytes": 11157245952, "cuda_reserved_bytes": 14040432640, "cuda_peak_allocated_bytes": 12112987648, "cuda_peak_reserved_bytes": 14138998784, "rss_bytes": 3981520896}}
{"concurrency": 4, "wave": 133, "elapsed_s": 333.2559030931443, "complete_eos": 484, "cancelled": 48, "memory": {"cuda_allocated_bytes": 11157245952, "cuda_reserved_bytes": 14040432640, "cuda_peak_allocated_bytes": 12112987648, "cuda_peak_reserved_bytes": 14138998784, "rss_bytes": 3981520896}}
{"concurrency": 4, "wave": 134, "elapsed_s": 336.10695656761527, "complete_eos": 488, "cancelled": 48, "memory": {"cuda_allocated_bytes": 11157245952, "cuda_reserved_bytes": 14040432640, "cuda_peak_allocated_bytes": 12112987648, "cuda_peak_reserved_bytes": 14138998784, "rss_bytes": 3981520896}}
{"concurrency": 4, "wave": 135, "elapsed_s": 339.6094432193786, "complete_eos": 491, "cancelled": 49, "memory": {"cuda_allocated_bytes": 11157245952, "cuda_reserved_bytes": 14040432640, "cuda_peak_allocated_bytes": 12112987648, "cuda_peak_reserved_bytes": 14138998784, "rss_bytes": 3981520896}}
{"concurrency": 4, "wave": 136, "elapsed_s": 342.81842266209424, "complete_eos": 495, "cancelled": 49, "memory": {"cuda_allocated_bytes": 11157245952, "cuda_reserved_bytes": 14040432640, "cuda_peak_allocated_bytes": 12112987648, "cuda_peak_reserved_bytes": 14138998784, "rss_bytes": 3981520896}}
{"concurrency": 4, "wave": 137, "elapsed_s": 345.76034167036414, "complete_eos": 499, "cancelled": 49, "memory": {"cuda_allocated_bytes": 11157245952, "cuda_reserved_bytes": 14040432640, "cuda_peak_allocated_bytes": 12112987648, "cuda_peak_reserved_bytes": 14138998784, "rss_bytes": 3981520896}}
{"concurrency": 4, "wave": 138, "elapsed_s": 348.38831098005176, "complete_eos": 502, "cancelled": 50, "memory": {"cuda_allocated_bytes": 11157245952, "cuda_reserved_bytes": 14040432640, "cuda_peak_allocated_bytes": 12112987648, "cuda_peak_reserved_bytes": 14138998784, "rss_bytes": 3981524992}}
{"concurrency": 4, "wave": 139, "elapsed_s": 350.9943455979228, "complete_eos": 506, "cancelled": 50, "memory": {"cuda_allocated_bytes": 11157245952, "cuda_reserved_bytes": 14040432640, "cuda_peak_allocated_bytes": 12112987648, "cuda_peak_reserved_bytes": 14138998784, "rss_bytes": 3981524992}}
{"concurrency": 4, "wave": 140, "elapsed_s": 353.9390375353396, "complete_eos": 510, "cancelled": 50, "memory": {"cuda_allocated_bytes": 11157245952, "cuda_reserved_bytes": 14040432640, "cuda_peak_allocated_bytes": 12112987648, "cuda_peak_reserved_bytes": 14138998784, "rss_bytes": 3981668352}}
{"concurrency": 4, "wave": 141, "elapsed_s": 356.57128710485995, "complete_eos": 513, "cancelled": 51, "memory": {"cuda_allocated_bytes": 11157245952, "cuda_reserved_bytes": 14040432640, "cuda_peak_allocated_bytes": 12112987648, "cuda_peak_reserved_bytes": 14138998784, "rss_bytes": 3981758464}}
{"concurrency": 4, "wave": 142, "elapsed_s": 359.139347858727, "complete_eos": 517, "cancelled": 51, "memory": {"cuda_allocated_bytes": 11157245952, "cuda_reserved_bytes": 14040432640, "cuda_peak_allocated_bytes": 12112987648, "cuda_peak_reserved_bytes": 14138998784, "rss_bytes": 3981758464}}
{"concurrency": 4, "wave": 143, "elapsed_s": 361.0880800522864, "complete_eos": 520, "cancelled": 52, "memory": {"cuda_allocated_bytes": 11157245952, "cuda_reserved_bytes": 14040432640, "cuda_peak_allocated_bytes": 12112987648, "cuda_peak_reserved_bytes": 14138998784, "rss_bytes": 3981758464}}
{"concurrency": 4, "wave": 144, "elapsed_s": 364.5650994963944, "complete_eos": 524, "cancelled": 52, "memory": {"cuda_allocated_bytes": 11157245952, "cuda_reserved_bytes": 14040432640, "cuda_peak_allocated_bytes": 12112987648, "cuda_peak_reserved_bytes": 14138998784, "rss_bytes": 3981758464}}
{"concurrency": 4, "wave": 145, "elapsed_s": 367.21672636270523, "complete_eos": 528, "cancelled": 52, "memory": {"cuda_allocated_bytes": 11157245952, "cuda_reserved_bytes": 14040432640, "cuda_peak_allocated_bytes": 12112987648, "cuda_peak_reserved_bytes": 14138998784, "rss_bytes": 3982176256}}
{"concurrency": 4, "wave": 146, "elapsed_s": 369.26709829457104, "complete_eos": 531, "cancelled": 53, "memory": {"cuda_allocated_bytes": 11157245952, "cuda_reserved_bytes": 14040432640, "cuda_peak_allocated_bytes": 12112987648, "cuda_peak_reserved_bytes": 14138998784, "rss_bytes": 3982176256}}
{"concurrency": 4, "wave": 147, "elapsed_s": 371.66790504567325, "complete_eos": 535, "cancelled": 53, "memory": {"cuda_allocated_bytes": 11157245952, "cuda_reserved_bytes": 14040432640, "cuda_peak_allocated_bytes": 12112987648, "cuda_peak_reserved_bytes": 14138998784, "rss_bytes": 3982479360}}
{"concurrency": 4, "wave": 148, "elapsed_s": 373.8274012170732, "complete_eos": 539, "cancelled": 53, "memory": {"cuda_allocated_bytes": 11157245952, "cuda_reserved_bytes": 14040432640, "cuda_peak_allocated_bytes": 12112987648, "cuda_peak_reserved_bytes": 14138998784, "rss_bytes": 3982479360}}
{"concurrency": 4, "wave": 149, "elapsed_s": 376.04730856604874, "complete_eos": 542, "cancelled": 54, "memory": {"cuda_allocated_bytes": 11157245952, "cuda_reserved_bytes": 14040432640, "cuda_peak_allocated_bytes": 12112987648, "cuda_peak_reserved_bytes": 14138998784, "rss_bytes": 3982483456}}
{"concurrency": 4, "wave": 150, "elapsed_s": 378.3415761217475, "complete_eos": 546, "cancelled": 54, "memory": {"cuda_allocated_bytes": 11157245952, "cuda_reserved_bytes": 14040432640, "cuda_peak_allocated_bytes": 12112987648, "cuda_peak_reserved_bytes": 14138998784, "rss_bytes": 3982483456}}
{"concurrency": 4, "wave": 151, "elapsed_s": 380.55205307528377, "complete_eos": 550, "cancelled": 54, "memory": {"cuda_allocated_bytes": 11157245952, "cuda_reserved_bytes": 14040432640, "cuda_peak_allocated_bytes": 12112987648, "cuda_peak_reserved_bytes": 14138998784, "rss_bytes": 3982483456}}
{"concurrency": 4, "wave": 152, "elapsed_s": 382.473576053977, "complete_eos": 553, "cancelled": 55, "memory": {"cuda_allocated_bytes": 11157245952, "cuda_reserved_bytes": 14040432640, "cuda_peak_allocated_bytes": 12112987648, "cuda_peak_reserved_bytes": 14138998784, "rss_bytes": 3982483456}}
{"concurrency": 4, "wave": 153, "elapsed_s": 385.8468680419028, "complete_eos": 557, "cancelled": 55, "memory": {"cuda_allocated_bytes": 11157245952, "cuda_reserved_bytes": 14040432640, "cuda_peak_allocated_bytes": 12112987648, "cuda_peak_reserved_bytes": 14138998784, "rss_bytes": 3982483456}}
{"concurrency": 4, "wave": 154, "elapsed_s": 388.26936239004135, "complete_eos": 560, "cancelled": 56, "memory": {"cuda_allocated_bytes": 11157245952, "cuda_reserved_bytes": 14040432640, "cuda_peak_allocated_bytes": 12112987648, "cuda_peak_reserved_bytes": 14138998784, "rss_bytes": 3982483456}}
{"concurrency": 4, "wave": 155, "elapsed_s": 390.89541176334023, "complete_eos": 564, "cancelled": 56, "memory": {"cuda_allocated_bytes": 11157245952, "cuda_reserved_bytes": 14040432640, "cuda_peak_allocated_bytes": 12112987648, "cuda_peak_reserved_bytes": 14138998784, "rss_bytes": 3982483456}}
{"concurrency": 4, "wave": 156, "elapsed_s": 393.74102972075343, "complete_eos": 568, "cancelled": 56, "memory": {"cuda_allocated_bytes": 11157245952, "cuda_reserved_bytes": 14040432640, "cuda_peak_allocated_bytes": 12112987648, "cuda_peak_reserved_bytes": 14138998784, "rss_bytes": 3982667776}}
{"concurrency": 4, "wave": 157, "elapsed_s": 395.5378654208034, "complete_eos": 571, "cancelled": 57, "memory": {"cuda_allocated_bytes": 11157245952, "cuda_reserved_bytes": 14040432640, "cuda_peak_allocated_bytes": 12112987648, "cuda_peak_reserved_bytes": 14138998784, "rss_bytes": 3982667776}}
{"concurrency": 4, "wave": 158, "elapsed_s": 398.30967720784247, "complete_eos": 575, "cancelled": 57, "memory": {"cuda_allocated_bytes": 11157245952, "cuda_reserved_bytes": 14040432640, "cuda_peak_allocated_bytes": 12112987648, "cuda_peak_reserved_bytes": 14138998784, "rss_bytes": 3982667776}}
{"concurrency": 4, "wave": 159, "elapsed_s": 401.1587000414729, "complete_eos": 579, "cancelled": 57, "memory": {"cuda_allocated_bytes": 11157245952, "cuda_reserved_bytes": 14040432640, "cuda_peak_allocated_bytes": 12112987648, "cuda_peak_reserved_bytes": 14138998784, "rss_bytes": 3982680064}}
{"concurrency": 4, "wave": 160, "elapsed_s": 404.0089277662337, "complete_eos": 582, "cancelled": 58, "memory": {"cuda_allocated_bytes": 11157245952, "cuda_reserved_bytes": 14040432640, "cuda_peak_allocated_bytes": 12112987648, "cuda_peak_reserved_bytes": 14138998784, "rss_bytes": 3982680064}}
{"concurrency": 4, "wave": 161, "elapsed_s": 406.55162187479436, "complete_eos": 586, "cancelled": 58, "memory": {"cuda_allocated_bytes": 11157245952, "cuda_reserved_bytes": 14040432640, "cuda_peak_allocated_bytes": 12112987648, "cuda_peak_reserved_bytes": 14138998784, "rss_bytes": 3982716928}}
{"concurrency": 4, "wave": 162, "elapsed_s": 408.9553977753967, "complete_eos": 590, "cancelled": 58, "memory": {"cuda_allocated_bytes": 11157245952, "cuda_reserved_bytes": 14040432640, "cuda_peak_allocated_bytes": 12112987648, "cuda_peak_reserved_bytes": 14138998784, "rss_bytes": 3982716928}}
{"concurrency": 4, "wave": 163, "elapsed_s": 411.40823993831873, "complete_eos": 593, "cancelled": 59, "memory": {"cuda_allocated_bytes": 11157245952, "cuda_reserved_bytes": 14040432640, "cuda_peak_allocated_bytes": 12112987648, "cuda_peak_reserved_bytes": 14138998784, "rss_bytes": 3982716928}}
{"concurrency": 4, "wave": 164, "elapsed_s": 414.3905966412276, "complete_eos": 597, "cancelled": 59, "memory": {"cuda_allocated_bytes": 11157245952, "cuda_reserved_bytes": 14040432640, "cuda_peak_allocated_bytes": 12112987648, "cuda_peak_reserved_bytes": 14138998784, "rss_bytes": 3982716928}}
{"concurrency": 4, "wave": 165, "elapsed_s": 416.7599270436913, "complete_eos": 600, "cancelled": 60, "memory": {"cuda_allocated_bytes": 11157245952, "cuda_reserved_bytes": 14040432640, "cuda_peak_allocated_bytes": 12112987648, "cuda_peak_reserved_bytes": 14138998784, "rss_bytes": 3982884864}}
{"concurrency": 4, "wave": 166, "elapsed_s": 420.13145612739027, "complete_eos": 604, "cancelled": 60, "memory": {"cuda_allocated_bytes": 11157245952, "cuda_reserved_bytes": 14040432640, "cuda_peak_allocated_bytes": 12112987648, "cuda_peak_reserved_bytes": 14138998784, "rss_bytes": 3982888960}}
{"concurrency": 4, "wave": 167, "elapsed_s": 423.0984744448215, "complete_eos": 608, "cancelled": 60, "memory": {"cuda_allocated_bytes": 11157245952, "cuda_reserved_bytes": 14040432640, "cuda_peak_allocated_bytes": 12112987648, "cuda_peak_reserved_bytes": 14138998784, "rss_bytes": 3983253504}}
{"concurrency": 4, "wave": 168, "elapsed_s": 426.00862216949463, "complete_eos": 611, "cancelled": 61, "memory": {"cuda_allocated_bytes": 11157245952, "cuda_reserved_bytes": 14040432640, "cuda_peak_allocated_bytes": 12112987648, "cuda_peak_reserved_bytes": 14138998784, "rss_bytes": 3983581184}}
{"concurrency": 4, "wave": 169, "elapsed_s": 428.99959478341043, "complete_eos": 615, "cancelled": 61, "memory": {"cuda_allocated_bytes": 11157245952, "cuda_reserved_bytes": 14040432640, "cuda_peak_allocated_bytes": 12112987648, "cuda_peak_reserved_bytes": 14138998784, "rss_bytes": 3983581184}}
{"concurrency": 4, "wave": 170, "elapsed_s": 431.73510968126357, "complete_eos": 619, "cancelled": 61, "memory": {"cuda_allocated_bytes": 11157245952, "cuda_reserved_bytes": 14040432640, "cuda_peak_allocated_bytes": 12112987648, "cuda_peak_reserved_bytes": 14138998784, "rss_bytes": 3983581184}}
{"concurrency": 4, "wave": 171, "elapsed_s": 433.1693952884525, "complete_eos": 622, "cancelled": 62, "memory": {"cuda_allocated_bytes": 11157245952, "cuda_reserved_bytes": 14040432640, "cuda_peak_allocated_bytes": 12112987648, "cuda_peak_reserved_bytes": 14138998784, "rss_bytes": 3983691776}}
{"concurrency": 4, "wave": 172, "elapsed_s": 436.03168763034046, "complete_eos": 626, "cancelled": 62, "memory": {"cuda_allocated_bytes": 11157245952, "cuda_reserved_bytes": 14040432640, "cuda_peak_allocated_bytes": 12112987648, "cuda_peak_reserved_bytes": 14138998784, "rss_bytes": 3983691776}}
{"concurrency": 4, "wave": 173, "elapsed_s": 438.42368566058576, "complete_eos": 630, "cancelled": 62, "memory": {"cuda_allocated_bytes": 11157245952, "cuda_reserved_bytes": 14040432640, "cuda_peak_allocated_bytes": 12112987648, "cuda_peak_reserved_bytes": 14138998784, "rss_bytes": 3983691776}}
{"concurrency": 4, "wave": 174, "elapsed_s": 440.6893586739898, "complete_eos": 633, "cancelled": 63, "memory": {"cuda_allocated_bytes": 11157245952, "cuda_reserved_bytes": 14040432640, "cuda_peak_allocated_bytes": 12112987648, "cuda_peak_reserved_bytes": 14138998784, "rss_bytes": 3983691776}}
{"concurrency": 4, "wave": 175, "elapsed_s": 443.1268959194422, "complete_eos": 637, "cancelled": 63, "memory": {"cuda_allocated_bytes": 11157245952, "cuda_reserved_bytes": 14040432640, "cuda_peak_allocated_bytes": 12112987648, "cuda_peak_reserved_bytes": 14138998784, "rss_bytes": 3983691776}}
{"concurrency": 4, "wave": 176, "elapsed_s": 445.688737815246, "complete_eos": 640, "cancelled": 64, "memory": {"cuda_allocated_bytes": 11157245952, "cuda_reserved_bytes": 14040432640, "cuda_peak_allocated_bytes": 12112987648, "cuda_peak_reserved_bytes": 14138998784, "rss_bytes": 3983708160}}
{"concurrency": 4, "wave": 177, "elapsed_s": 447.7023606915027, "complete_eos": 644, "cancelled": 64, "memory": {"cuda_allocated_bytes": 11157245952, "cuda_reserved_bytes": 14040432640, "cuda_peak_allocated_bytes": 12112987648, "cuda_peak_reserved_bytes": 14138998784, "rss_bytes": 3983708160}}
{"concurrency": 4, "wave": 178, "elapsed_s": 449.4412868246436, "complete_eos": 648, "cancelled": 64, "memory": {"cuda_allocated_bytes": 11157245952, "cuda_reserved_bytes": 14040432640, "cuda_peak_allocated_bytes": 12112987648, "cuda_peak_reserved_bytes": 14138998784, "rss_bytes": 3983708160}}
{"concurrency": 4, "wave": 179, "elapsed_s": 451.22857747226954, "complete_eos": 651, "cancelled": 65, "memory": {"cuda_allocated_bytes": 11157245952, "cuda_reserved_bytes": 14040432640, "cuda_peak_allocated_bytes": 12112987648, "cuda_peak_reserved_bytes": 14138998784, "rss_bytes": 3983708160}}
{"concurrency": 4, "wave": 180, "elapsed_s": 453.2394058275968, "complete_eos": 655, "cancelled": 65, "memory": {"cuda_allocated_bytes": 11157245952, "cuda_reserved_bytes": 14040432640, "cuda_peak_allocated_bytes": 12112987648, "cuda_peak_reserved_bytes": 14138998784, "rss_bytes": 3983724544}}
{"concurrency": 4, "wave": 181, "elapsed_s": 455.78175064362586, "complete_eos": 659, "cancelled": 65, "memory": {"cuda_allocated_bytes": 11157245952, "cuda_reserved_bytes": 14040432640, "cuda_peak_allocated_bytes": 12112987648, "cuda_peak_reserved_bytes": 14138998784, "rss_bytes": 3983732736}}
{"concurrency": 4, "wave": 182, "elapsed_s": 457.48003980331123, "complete_eos": 662, "cancelled": 66, "memory": {"cuda_allocated_bytes": 11157245952, "cuda_reserved_bytes": 14040432640, "cuda_peak_allocated_bytes": 12112987648, "cuda_peak_reserved_bytes": 14138998784, "rss_bytes": 3983732736}}
{"concurrency": 4, "wave": 183, "elapsed_s": 460.0031025838107, "complete_eos": 666, "cancelled": 66, "memory": {"cuda_allocated_bytes": 11157245952, "cuda_reserved_bytes": 14040432640, "cuda_peak_allocated_bytes": 12112987648, "cuda_peak_reserved_bytes": 14138998784, "rss_bytes": 3983851520}}
{"concurrency": 4, "wave": 184, "elapsed_s": 462.4191530495882, "complete_eos": 670, "cancelled": 66, "memory": {"cuda_allocated_bytes": 11157245952, "cuda_reserved_bytes": 14040432640, "cuda_peak_allocated_bytes": 12112987648, "cuda_peak_reserved_bytes": 14138998784, "rss_bytes": 3983978496}}
{"concurrency": 4, "wave": 185, "elapsed_s": 464.1714551784098, "complete_eos": 673, "cancelled": 67, "memory": {"cuda_allocated_bytes": 11157245952, "cuda_reserved_bytes": 14040432640, "cuda_peak_allocated_bytes": 12112987648, "cuda_peak_reserved_bytes": 14138998784, "rss_bytes": 3983998976}}
{"concurrency": 4, "wave": 186, "elapsed_s": 466.0166273433715, "complete_eos": 677, "cancelled": 67, "memory": {"cuda_allocated_bytes": 11157245952, "cuda_reserved_bytes": 14040432640, "cuda_peak_allocated_bytes": 12112987648, "cuda_peak_reserved_bytes": 14138998784, "rss_bytes": 3984019456}}
{"concurrency": 4, "wave": 187, "elapsed_s": 468.01139555871487, "complete_eos": 680, "cancelled": 68, "memory": {"cuda_allocated_bytes": 11157245952, "cuda_reserved_bytes": 14040432640, "cuda_peak_allocated_bytes": 12112987648, "cuda_peak_reserved_bytes": 14138998784, "rss_bytes": 3984019456}}
{"concurrency": 4, "wave": 188, "elapsed_s": 471.37073676660657, "complete_eos": 684, "cancelled": 68, "memory": {"cuda_allocated_bytes": 11157245952, "cuda_reserved_bytes": 14040432640, "cuda_peak_allocated_bytes": 12112987648, "cuda_peak_reserved_bytes": 14138998784, "rss_bytes": 3984519168}}
{"concurrency": 4, "wave": 189, "elapsed_s": 473.4346305374056, "complete_eos": 688, "cancelled": 68, "memory": {"cuda_allocated_bytes": 11157245952, "cuda_reserved_bytes": 14040432640, "cuda_peak_allocated_bytes": 12112987648, "cuda_peak_reserved_bytes": 14138998784, "rss_bytes": 3984519168}}
{"concurrency": 4, "wave": 190, "elapsed_s": 475.7733736373484, "complete_eos": 691, "cancelled": 69, "memory": {"cuda_allocated_bytes": 11157245952, "cuda_reserved_bytes": 14040432640, "cuda_peak_allocated_bytes": 12112987648, "cuda_peak_reserved_bytes": 14138998784, "rss_bytes": 3984519168}}
{"concurrency": 4, "wave": 191, "elapsed_s": 479.0971150007099, "complete_eos": 695, "cancelled": 69, "memory": {"cuda_allocated_bytes": 11157245952, "cuda_reserved_bytes": 14040432640, "cuda_peak_allocated_bytes": 12112987648, "cuda_peak_reserved_bytes": 14138998784, "rss_bytes": 3984519168}}
{"concurrency": 4, "wave": 192, "elapsed_s": 481.2163047660142, "complete_eos": 699, "cancelled": 69, "memory": {"cuda_allocated_bytes": 11157245952, "cuda_reserved_bytes": 14040432640, "cuda_peak_allocated_bytes": 12112987648, "cuda_peak_reserved_bytes": 14138998784, "rss_bytes": 3984519168}}
{"concurrency": 4, "wave": 193, "elapsed_s": 483.4586307480931, "complete_eos": 702, "cancelled": 70, "memory": {"cuda_allocated_bytes": 11157245952, "cuda_reserved_bytes": 14040432640, "cuda_peak_allocated_bytes": 12112987648, "cuda_peak_reserved_bytes": 14138998784, "rss_bytes": 3984519168}}
{"concurrency": 4, "wave": 194, "elapsed_s": 485.8550353050232, "complete_eos": 706, "cancelled": 70, "memory": {"cuda_allocated_bytes": 11157245952, "cuda_reserved_bytes": 14040432640, "cuda_peak_allocated_bytes": 12112987648, "cuda_peak_reserved_bytes": 14138998784, "rss_bytes": 3984527360}}
{"concurrency": 4, "wave": 195, "elapsed_s": 488.2085527572781, "complete_eos": 710, "cancelled": 70, "memory": {"cuda_allocated_bytes": 11157245952, "cuda_reserved_bytes": 14040432640, "cuda_peak_allocated_bytes": 12112987648, "cuda_peak_reserved_bytes": 14138998784, "rss_bytes": 3984527360}}
{"concurrency": 4, "wave": 196, "elapsed_s": 490.8768636789173, "complete_eos": 713, "cancelled": 71, "memory": {"cuda_allocated_bytes": 11157245952, "cuda_reserved_bytes": 14040432640, "cuda_peak_allocated_bytes": 12112987648, "cuda_peak_reserved_bytes": 14138998784, "rss_bytes": 3984527360}}
{"concurrency": 4, "wave": 197, "elapsed_s": 493.6703508812934, "complete_eos": 717, "cancelled": 71, "memory": {"cuda_allocated_bytes": 11157245952, "cuda_reserved_bytes": 14040432640, "cuda_peak_allocated_bytes": 12112987648, "cuda_peak_reserved_bytes": 14138998784, "rss_bytes": 3984531456}}
{"concurrency": 4, "wave": 198, "elapsed_s": 496.30515738762915, "complete_eos": 720, "cancelled": 72, "memory": {"cuda_allocated_bytes": 11157245952, "cuda_reserved_bytes": 14040432640, "cuda_peak_allocated_bytes": 12112987648, "cuda_peak_reserved_bytes": 14138998784, "rss_bytes": 3984531456}}
{"concurrency": 4, "wave": 199, "elapsed_s": 499.75809452310205, "complete_eos": 724, "cancelled": 72, "memory": {"cuda_allocated_bytes": 11157245952, "cuda_reserved_bytes": 14040432640, "cuda_peak_allocated_bytes": 12112987648, "cuda_peak_reserved_bytes": 14138998784, "rss_bytes": 3984539648}}
{"concurrency": 4, "wave": 200, "elapsed_s": 502.62289584986866, "complete_eos": 728, "cancelled": 72, "memory": {"cuda_allocated_bytes": 11157245952, "cuda_reserved_bytes": 14040432640, "cuda_peak_allocated_bytes": 12112987648, "cuda_peak_reserved_bytes": 14138998784, "rss_bytes": 3984539648}}
{"concurrency": 4, "wave": 201, "elapsed_s": 505.0052015259862, "complete_eos": 731, "cancelled": 73, "memory": {"cuda_allocated_bytes": 11157245952, "cuda_reserved_bytes": 14040432640, "cuda_peak_allocated_bytes": 12112987648, "cuda_peak_reserved_bytes": 14138998784, "rss_bytes": 3984539648}}
{"concurrency": 4, "wave": 202, "elapsed_s": 508.1415322367102, "complete_eos": 735, "cancelled": 73, "memory": {"cuda_allocated_bytes": 11157245952, "cuda_reserved_bytes": 14040432640, "cuda_peak_allocated_bytes": 12112987648, "cuda_peak_reserved_bytes": 14138998784, "rss_bytes": 3984904192}}
{"concurrency": 4, "wave": 203, "elapsed_s": 510.4964936617762, "complete_eos": 739, "cancelled": 73, "memory": {"cuda_allocated_bytes": 11157245952, "cuda_reserved_bytes": 14040432640, "cuda_peak_allocated_bytes": 12112987648, "cuda_peak_reserved_bytes": 14138998784, "rss_bytes": 3984904192}}
{"concurrency": 4, "wave": 204, "elapsed_s": 513.0709212627262, "complete_eos": 742, "cancelled": 74, "memory": {"cuda_allocated_bytes": 11157245952, "cuda_reserved_bytes": 14040432640, "cuda_peak_allocated_bytes": 12112987648, "cuda_peak_reserved_bytes": 14138998784, "rss_bytes": 3984904192}}
{"concurrency": 4, "wave": 205, "elapsed_s": 516.1886798087507, "complete_eos": 746, "cancelled": 74, "memory": {"cuda_allocated_bytes": 11157245952, "cuda_reserved_bytes": 14040432640, "cuda_peak_allocated_bytes": 12112987648, "cuda_peak_reserved_bytes": 14138998784, "rss_bytes": 3985874944}}
{"concurrency": 4, "wave": 206, "elapsed_s": 518.8296342547983, "complete_eos": 750, "cancelled": 74, "memory": {"cuda_allocated_bytes": 11157245952, "cuda_reserved_bytes": 14040432640, "cuda_peak_allocated_bytes": 12112987648, "cuda_peak_reserved_bytes": 14138998784, "rss_bytes": 3985874944}}
{"concurrency": 4, "wave": 207, "elapsed_s": 520.8823829796165, "complete_eos": 753, "cancelled": 75, "memory": {"cuda_allocated_bytes": 11157245952, "cuda_reserved_bytes": 14040432640, "cuda_peak_allocated_bytes": 12112987648, "cuda_peak_reserved_bytes": 14138998784, "rss_bytes": 3985883136}}
{"concurrency": 4, "wave": 208, "elapsed_s": 523.401867410168, "complete_eos": 757, "cancelled": 75, "memory": {"cuda_allocated_bytes": 11157245952, "cuda_reserved_bytes": 14040432640, "cuda_peak_allocated_bytes": 12112987648, "cuda_peak_reserved_bytes": 14138998784, "rss_bytes": 3985883136}}
{"concurrency": 4, "wave": 209, "elapsed_s": 526.4102851748466, "complete_eos": 760, "cancelled": 76, "memory": {"cuda_allocated_bytes": 11157245952, "cuda_reserved_bytes": 14040432640, "cuda_peak_allocated_bytes": 12112987648, "cuda_peak_reserved_bytes": 14138998784, "rss_bytes": 3985883136}}
{"concurrency": 4, "wave": 210, "elapsed_s": 529.713808413595, "complete_eos": 764, "cancelled": 76, "memory": {"cuda_allocated_bytes": 11157245952, "cuda_reserved_bytes": 14040432640, "cuda_peak_allocated_bytes": 12112987648, "cuda_peak_reserved_bytes": 14138998784, "rss_bytes": 3985883136}}
{"concurrency": 4, "wave": 211, "elapsed_s": 532.3983277883381, "complete_eos": 768, "cancelled": 76, "memory": {"cuda_allocated_bytes": 11157245952, "cuda_reserved_bytes": 14040432640, "cuda_peak_allocated_bytes": 12112987648, "cuda_peak_reserved_bytes": 14138998784, "rss_bytes": 3985883136}}
{"concurrency": 4, "wave": 212, "elapsed_s": 534.8992295395583, "complete_eos": 771, "cancelled": 77, "memory": {"cuda_allocated_bytes": 11157245952, "cuda_reserved_bytes": 14040432640, "cuda_peak_allocated_bytes": 12112987648, "cuda_peak_reserved_bytes": 14138998784, "rss_bytes": 3985883136}}
{"concurrency": 4, "wave": 213, "elapsed_s": 537.4780350457877, "complete_eos": 775, "cancelled": 77, "memory": {"cuda_allocated_bytes": 11157245952, "cuda_reserved_bytes": 14040432640, "cuda_peak_allocated_bytes": 12112987648, "cuda_peak_reserved_bytes": 14138998784, "rss_bytes": 3985883136}}
{"concurrency": 4, "wave": 214, "elapsed_s": 540.3424005508423, "complete_eos": 779, "cancelled": 77, "memory": {"cuda_allocated_bytes": 11157245952, "cuda_reserved_bytes": 14040432640, "cuda_peak_allocated_bytes": 12112987648, "cuda_peak_reserved_bytes": 14138998784, "rss_bytes": 3985883136}}
{"concurrency": 4, "wave": 215, "elapsed_s": 542.5975339189172, "complete_eos": 782, "cancelled": 78, "memory": {"cuda_allocated_bytes": 11157245952, "cuda_reserved_bytes": 14040432640, "cuda_peak_allocated_bytes": 12112987648, "cuda_peak_reserved_bytes": 14138998784, "rss_bytes": 3985883136}}
{"concurrency": 4, "wave": 216, "elapsed_s": 545.7416286878288, "complete_eos": 786, "cancelled": 78, "memory": {"cuda_allocated_bytes": 11157245952, "cuda_reserved_bytes": 14040432640, "cuda_peak_allocated_bytes": 12112987648, "cuda_peak_reserved_bytes": 14138998784, "rss_bytes": 3985883136}}
{"concurrency": 4, "wave": 217, "elapsed_s": 549.3284814748913, "complete_eos": 790, "cancelled": 78, "memory": {"cuda_allocated_bytes": 11157245952, "cuda_reserved_bytes": 14040432640, "cuda_peak_allocated_bytes": 12112987648, "cuda_peak_reserved_bytes": 14138998784, "rss_bytes": 3985883136}}
{"concurrency": 4, "wave": 218, "elapsed_s": 551.2904712725431, "complete_eos": 793, "cancelled": 79, "memory": {"cuda_allocated_bytes": 11157245952, "cuda_reserved_bytes": 14040432640, "cuda_peak_allocated_bytes": 12112987648, "cuda_peak_reserved_bytes": 14138998784, "rss_bytes": 3985883136}}
{"concurrency": 4, "wave": 219, "elapsed_s": 554.146564213559, "complete_eos": 797, "cancelled": 79, "memory": {"cuda_allocated_bytes": 11157245952, "cuda_reserved_bytes": 14040432640, "cuda_peak_allocated_bytes": 12112987648, "cuda_peak_reserved_bytes": 14138998784, "rss_bytes": 3985883136}}
{"concurrency": 4, "wave": 220, "elapsed_s": 555.8215708583593, "complete_eos": 800, "cancelled": 80, "memory": {"cuda_allocated_bytes": 11157245952, "cuda_reserved_bytes": 14040432640, "cuda_peak_allocated_bytes": 12112987648, "cuda_peak_reserved_bytes": 14138998784, "rss_bytes": 3985883136}}
{"concurrency": 4, "wave": 221, "elapsed_s": 557.9362059999257, "complete_eos": 804, "cancelled": 80, "memory": {"cuda_allocated_bytes": 11157245952, "cuda_reserved_bytes": 14040432640, "cuda_peak_allocated_bytes": 12112987648, "cuda_peak_reserved_bytes": 14138998784, "rss_bytes": 3985883136}}
{"concurrency": 4, "wave": 222, "elapsed_s": 560.0273628886789, "complete_eos": 808, "cancelled": 80, "memory": {"cuda_allocated_bytes": 11157245952, "cuda_reserved_bytes": 14040432640, "cuda_peak_allocated_bytes": 12112987648, "cuda_peak_reserved_bytes": 14138998784, "rss_bytes": 3985887232}}
{"concurrency": 4, "wave": 223, "elapsed_s": 562.0832501500845, "complete_eos": 811, "cancelled": 81, "memory": {"cuda_allocated_bytes": 11157245952, "cuda_reserved_bytes": 14040432640, "cuda_peak_allocated_bytes": 12112987648, "cuda_peak_reserved_bytes": 14138998784, "rss_bytes": 3985887232}}
{"concurrency": 4, "wave": 224, "elapsed_s": 564.4381770864129, "complete_eos": 815, "cancelled": 81, "memory": {"cuda_allocated_bytes": 11157245952, "cuda_reserved_bytes": 14040432640, "cuda_peak_allocated_bytes": 12112987648, "cuda_peak_reserved_bytes": 14138998784, "rss_bytes": 3985895424}}
{"concurrency": 4, "wave": 225, "elapsed_s": 567.2215717639774, "complete_eos": 819, "cancelled": 81, "memory": {"cuda_allocated_bytes": 11157245952, "cuda_reserved_bytes": 14040432640, "cuda_peak_allocated_bytes": 12112987648, "cuda_peak_reserved_bytes": 14138998784, "rss_bytes": 3985895424}}
{"concurrency": 4, "wave": 226, "elapsed_s": 569.2534160781652, "complete_eos": 822, "cancelled": 82, "memory": {"cuda_allocated_bytes": 11157245952, "cuda_reserved_bytes": 14040432640, "cuda_peak_allocated_bytes": 12112987648, "cuda_peak_reserved_bytes": 14138998784, "rss_bytes": 3985895424}}
{"concurrency": 4, "wave": 227, "elapsed_s": 571.793743930757, "complete_eos": 826, "cancelled": 82, "memory": {"cuda_allocated_bytes": 11157245952, "cuda_reserved_bytes": 14040432640, "cuda_peak_allocated_bytes": 12112987648, "cuda_peak_reserved_bytes": 14138998784, "rss_bytes": 3985895424}}
{"concurrency": 4, "wave": 228, "elapsed_s": 574.766637545079, "complete_eos": 830, "cancelled": 82, "memory": {"cuda_allocated_bytes": 11157245952, "cuda_reserved_bytes": 14040432640, "cuda_peak_allocated_bytes": 12112987648, "cuda_peak_reserved_bytes": 14138998784, "rss_bytes": 3985895424}}
{"concurrency": 4, "wave": 229, "elapsed_s": 577.0164967887104, "complete_eos": 833, "cancelled": 83, "memory": {"cuda_allocated_bytes": 11157245952, "cuda_reserved_bytes": 14040432640, "cuda_peak_allocated_bytes": 12112987648, "cuda_peak_reserved_bytes": 14138998784, "rss_bytes": 3985899520}}
{"concurrency": 4, "wave": 230, "elapsed_s": 580.2670127470046, "complete_eos": 837, "cancelled": 83, "memory": {"cuda_allocated_bytes": 11157245952, "cuda_reserved_bytes": 14040432640, "cuda_peak_allocated_bytes": 12112987648, "cuda_peak_reserved_bytes": 14138998784, "rss_bytes": 3985911808}}
{"concurrency": 4, "wave": 231, "elapsed_s": 582.9519949536771, "complete_eos": 840, "cancelled": 84, "memory": {"cuda_allocated_bytes": 11157245952, "cuda_reserved_bytes": 14040432640, "cuda_peak_allocated_bytes": 12112987648, "cuda_peak_reserved_bytes": 14138998784, "rss_bytes": 3985911808}}
{"concurrency": 4, "wave": 232, "elapsed_s": 586.053153026849, "complete_eos": 844, "cancelled": 84, "memory": {"cuda_allocated_bytes": 11157245952, "cuda_reserved_bytes": 14040432640, "cuda_peak_allocated_bytes": 12112987648, "cuda_peak_reserved_bytes": 14138998784, "rss_bytes": 3985993728}}
{"concurrency": 4, "wave": 233, "elapsed_s": 588.7224314752966, "complete_eos": 848, "cancelled": 84, "memory": {"cuda_allocated_bytes": 11157245952, "cuda_reserved_bytes": 14040432640, "cuda_peak_allocated_bytes": 12112987648, "cuda_peak_reserved_bytes": 14138998784, "rss_bytes": 3985993728}}
{"concurrency": 4, "wave": 234, "elapsed_s": 590.5165230967104, "complete_eos": 851, "cancelled": 85, "memory": {"cuda_allocated_bytes": 11157245952, "cuda_reserved_bytes": 14040432640, "cuda_peak_allocated_bytes": 12112987648, "cuda_peak_reserved_bytes": 14138998784, "rss_bytes": 3985993728}}
{"concurrency": 4, "wave": 235, "elapsed_s": 592.8112743385136, "complete_eos": 855, "cancelled": 85, "memory": {"cuda_allocated_bytes": 11157245952, "cuda_reserved_bytes": 14040432640, "cuda_peak_allocated_bytes": 12112987648, "cuda_peak_reserved_bytes": 14138998784, "rss_bytes": 3985993728}}
{"concurrency": 4, "wave": 236, "elapsed_s": 595.7825492899865, "complete_eos": 859, "cancelled": 85, "memory": {"cuda_allocated_bytes": 11157245952, "cuda_reserved_bytes": 14040432640, "cuda_peak_allocated_bytes": 12112987648, "cuda_peak_reserved_bytes": 14138998784, "rss_bytes": 3985993728}}
{"concurrency": 4, "wave": 237, "elapsed_s": 597.8249128926545, "complete_eos": 862, "cancelled": 86, "memory": {"cuda_allocated_bytes": 11157245952, "cuda_reserved_bytes": 14040432640, "cuda_peak_allocated_bytes": 12112987648, "cuda_peak_reserved_bytes": 14138998784, "rss_bytes": 3985993728}}
{"concurrency": 4, "wave": 238, "elapsed_s": 601.1986818853766, "complete_eos": 866, "cancelled": 86, "memory": {"cuda_allocated_bytes": 11157245952, "cuda_reserved_bytes": 14040432640, "cuda_peak_allocated_bytes": 12112987648, "cuda_peak_reserved_bytes": 14138998784, "rss_bytes": 3985993728}}
Traceback (most recent call last):
  File "/workspace/A_inspark_marlin/inference/benchmarks/soak_requests.py", line 443, in <module>
    if __name__=='__main__':main()
                            ^^^^^^
  File "/workspace/A_inspark_marlin/inference/benchmarks/soak_requests.py", line 416, in main
    run_tier(args,config,plan,cases,concurrency,Pool,result=tier,
  File "/workspace/A_inspark_marlin/inference/benchmarks/soak_requests.py", line 347, in run_tier
    raise RuntimeError('Soak pass gate failed: '+', '.join(result['pass_gate']['failed_checks']))
RuntimeError: Soak pass gate failed: memory_absolute, memory_trend
